PuzzleId,Level,Solution,FEN,Moves
001SBP,Hard,,r4rk1/p1nq1pp1/1p1pp2p/8/P2PR3/1QP2N2/1P3PPP/R5K1 b - - 0 1,
002SBP,Hard,,r4rk1/1pp3b1/n2p2pp/p2P1q2/2P2p2/P1N2N1P/1P1Q1PP1/1R3RK1 w - - 0 1,
003SBP,Hard,,3r2k1/1p2q1pp/pQp2p2/4p1n1/1PN1P3/2P3PP/1P3PK1/4R3 b - - 0 1,
004SBP,Hard,,r2qr1k1/p1p2ppp/1p3b2/2nPp3/7P/2P1QNN1/PP3PP1/2KR3R w - - 0 1,
005SBP,Hard,,1r2k2r/5p2/1qp1b1p1/3p2R1/6P1/1P4Q1/P5BP/1K1R4 w k - 0 1,
006SBP,Hard,,r2qk2r/1bpnnpb1/p2pp1pp/1p6/3PPP2/P1N1BN2/1PPQB1PP/R4R1K b kq - 0 1,
007SBP,Hard,,2rq1rk1/1bp1bppp/4p3/pp1nN3/1P1P4/P3P1P1/2QN1PBP/R4RK1 w - - 0 1,
008SBP,Hard,,4r1k1/1p3p1p/1r1ppQp1/p1q1P3/P1P5/1P2R1PP/5P2/3R2K1 w - - 0 1,
009SBP,Hard,,1qrr1bk1/1b2nppp/p2p1n2/1p1Pp3/1P2P3/P4N1P/1BBN1PP1/2RQR1K1 w - - 0 1,
010SBP,Hard,,3r2k1/2q1npb1/rpp3pp/2p1p3/P3P3/1PQPBN2/5PPP/R3R1K1 w - - 0 1,
011SBP,Hard,,r2qr1k1/pp1b1ppp/2n2b2/3p4/3N4/2R1B1P1/PP2PPBP/3Q1RK1 w - - 0 1,
012SBP,Hard,,5rk1/pb2q1pp/1r1bpn2/2ppNp2/2P5/PP2P1P1/1BQ2PBP/2R2RK1 b - - 0 1,
013SBP,Hard,,2kr2r1/ppq1np1p/2p1pn1P/1P4p1/P1PP4/3N2NQ/5PP1/R3R1K1 w - - 0 1,
014SBP,Hard,,3q2k1/b2r1ppp/p1n5/1p1p4/3Pr3/1Q1NP1P1/PP1B1R1P/5R1K w - - 0 1,
015SBP,Hard,,1k1rr3/1pp1qpb1/p2pbn1p/6p1/3BP3/1PN2P2/1PP1NQPP/1K1RR3 w - - 0 1,
016SBP,Hard,,r2q1rk1/p1pn1pp1/1p2pn1p/7b/Q1BP3B/P1N1P1R1/1P3P1P/R3K3 w Q - 0 1,
017SBP,Hard,,r3k2r/pp3pp1/2b1p3/3pP2n/3P3P/3B1N2/PP1K1P2/2R3R1 w kq - 0 1,
018SBP,Hard,,r2qr1k1/pp1b1pbp/n4np1/2pP4/2Q4N/2N1B3/PP2BPPP/R2R2K1 b - - 0 1,
019SBP,Hard,,r1b1k2r/p2qbppp/1pp5/1P1pPp2/Pn1P4/2N2N2/2P2PPP/1RBQ1RK1 w kq - 0 1,
020SBP,Hard,,r2qr1k1/1p2bppp/p1p1bn2/2Pp4/1P1P1B2/2NB4/P1Q2PPP/R4RK1 w - - 0 1,
021SBP,Hard,,r1b2rk1/p4pbp/1p1q2p1/nB1Pp3/4P2P/2R1B3/P3NPP1/3Q1K1R w - - 0 1,
022SBP,Hard,,5rk1/5ppp/p1pb1r2/1p3q2/3P4/1PP3P1/P3QB1P/3RR1K1 b - - 0 1,
023SBP,Hard,,2rq1rk1/1b1n1pb1/pp1ppnpp/8/1PP1PPP1/2NBN2R/P2B3P/1R2Q1K1 b - - 0 1,
024SBP,Hard,,r1r3k1/1b1n1ppp/p2Bpn2/1p6/8/1BPRPP2/P1N3PP/4K2R b K - 0 1,
025SBP,Hard,,4rrk1/pp1b2bp/nq1p2p1/2pP1p2/2P2Pn1/P1NB1R2/1PQBN1PP/1R4K1 b - - 0 1,
026SBP,Hard,,r1bq1rk1/1pp2pbn/n2p2p1/p2Pp3/2P1P1P1/2N1B3/PP1NBP2/R2QK2R b KQ - 0 1,
027SBP,Hard,,r4rk1/3bppbp/1q4p1/np1pP3/3P4/1P2BN2/4BPPP/R2Q1RK1 w - - 0 1,
028SBP,Hard,,rn1q1rk1/pbppbppp/1p2pn2/8/2PP1B2/4PN2/PP1NBPPP/R2Q1RK1 b - - 0 1,
029SBP,Hard,,r1b2rk1/1p1nqpbp/p2p4/2pP2pn/P3P3/2NB1N1P/1P3PPB/R2Q1RK1 w - - 0 1,
030SBP,Hard,,r2qkbnr/pppnpp1p/3p2p1/8/2PP2b1/2N2N2/PP2PPPP/R1BQKB1R w KQkq - 0 1,
031SBP,Hard,,r2q1rk1/pppnppbp/2n3p1/P7/3PP3/1QN1BP2/1P3P1P/R3KB1R w KQ - 0 1,
032SBP,Hard,,3r4/p2q1kp1/Bp1nbp2/3p3p/1Q1P1B1P/PP6/5PP1/2R3K1 b - - 0 1,
033SBP,Hard,,r3qbk1/1b3ppp/p1p2n2/n2P4/P1Pp4/3B1N1P/3N1PP1/R1BQ2K1 w - - 0 1,
034SBP,Hard,,1k1b2rr/3b1p2/p2ppp2/1pq2P2/4PN1p/3B1Q2/PPP3PP/1K1RR3 w - - 0 1,
035SBP,Hard,,r5kr/1bqn1p1p/p3p1pQ/2p1P3/N1Pp4/1P1B4/P4PPP/R3R1K1 w - - 0 1,
036SBP,Hard,,3rr1k1/1p1nqp1p/p2b2p1/2p1p3/1P2P3/PQBP1NP1/5P1P/3RR1K1 w - - 0 1,
037SBP,Hard,,rn1r2k1/pp2bppp/2p1bn2/8/2PP4/2NB1N2/PP1B2PP/4RRK1 w - - 0 1,
038SBP,Hard,,r1bq1rk1/p3npp1/2p1pb1p/8/N2P4/5N2/PP1B1PPP/R2QR1K1 w - - 0 1,
039SBP,Hard,,rn3rk1/ppq2ppp/4b3/nBP1p3/1Q2P3/P1P1BP2/4N1PP/R4RK1 w - - 0 1,
040SBP,Hard,,r2qk1nr/pp1bppbp/3p2p1/n1p5/2B1PP2/2NP1N2/PPP3PP/R1BQ1RK1 b kq - 0 1,
041SBP,Hard,,r2q1r2/1pp3kp/p1np2p1/2n1ppb1/4P3/2PPBQ1P/PPB1NPP1/R3R1K1 w - - 0 1,
042SBP,Hard,,3rr1k1/pp1bbppp/1q2pn2/8/3N1B2/1BP2Q2/PP3PPP/R3R1K1 w - - 0 1,
043SBP,Hard,,3r1rk1/pp4pp/2n1pq2/2np3b/5P2/P1NB1NP1/1PPQ3P/4RRK1 w - - 0 1,
044SBP,Hard,,r4rk1/p3pp1p/1np1b1p1/4Q3/N1P3P1/qP3P2/P6P/1K1R1B1R w - - 0 1,
045SBP,Hard,,1rb1r1k1/1p1nqp1p/p2b1np1/4p3/1P1N4/P1N1P2P/1BQRBPP1/R5K1 w - - 0 1,
046SBP,Hard,,1rb2rk1/2q1bppp/p1p1pn2/6B1/2NP4/2P2B2/P4PPP/R2QK2R w KQ - 0 1,
047SBP,Hard,,1q1rr1k1/1p2ppbp/p1np2p1/2n5/2PNP3/4BP2/PP1QB1PP/2RR2K1 b - - 0 1,
048SBP,Hard,,r1q1rbk1/2p2ppp/p4Bb1/2p3Q1/N1P5/1P3P2/P5PP/R3R1K1 w - - 0 1,
049SBP,Hard,,r1b1kb1r/3p1ppp/p3p3/1p6/2q1PP2/2N1B3/PPPQ2PP/1K1R3R w kq - 0 1,
050SBP,Hard,,r4rk1/1pq1npbp/4p1p1/1BPpn3/1P3B2/5N1P/2P2PP1/1R1Q1RK1 w - - 0 1,
051SBP,Hard,,rn3rk1/ppqbbppp/4pn2/8/1PN5/NQ2P1P1/P2B1PBP/R3K2R w KQ - 0 1,
052SBP,Hard,,1rb1k2r/1pqnb1pp/p2ppp2/8/P2QP3/2N1BN1P/1PP2PP1/R2R2K1 w k - 0 1,
053SBP,Hard,,r3k1r1/pb6/1p1Bq2p/P1p1Pp2/6P1/6Q1/2P3PP/1R2R1K1 w q - 0 1,
054SBP,Hard,,5r1k/1p2b1pp/p2p4/4p2q/4Pr2/P2R1PR1/NPP1Q2P/1K6 w - - 0 1,
055SBP,Hard,,5br1/5q1k/rpp2pp1/p1p1p2n/P1P1P1RP/3P1N2/2PB1PQK/1R6 w - - 0 1,
056SBP,Hard,,2r1kbr1/5p2/p3p2p/1pP1P2n/2p1NB1P/5P2/PP3P2/3RK2R b K - 0 1,
057SBP,Hard,,2r1r1k1/1p2bppp/p2pb3/6P1/2q1PQ2/1NN5/PPP4P/1K1R2R1 w - - 0 1,
058SBP,Hard,,2bq1rk1/4bppp/1Pp2n2/2Pp4/1p6/1N3PP1/2Q2P1P/B3KB1R w K - 0 1,
059SBP,Hard,,3r1r1k/5ppp/p1Bp1n2/3P4/3Q4/6RP/1Pq2PP1/4R1K1 w - - 0 1,
060SBP,Hard,,2r3k1/p2n1pbp/qp2p1p1/4P1BP/3P1Q2/5N2/P2R1PP1/2rR2K1 w - - 0 1,
061SBP,Hard,,4q1k1/pb1n1ppp/1ppb1n2/6N1/2PP4/2N3P1/PBQ2P1P/5BK1 w - - 0 1,
062SBP,Hard,,r4rk1/pp3ppp/4pn2/2bqN1B1/8/8/PPP1QPPP/R4RK1 w - - 0 1,
063SBP,Hard,,6r1/1pp2r2/2k1p1pb/p1p1Pn1p/P1P2P2/NP1R2PP/6K1/2BR4 w - - 0 1,
064SBP,Hard,,4r1k1/pp2rb1p/2p3p1/5pR1/1P1P1N1P/4PP2/1P3K2/4R3 w - - 0 1,
065SBP,Hard,,2r1k1r1/3pb3/p1q1pp2/7p/PpP1NPn1/1P3Q2/1B4PP/R4R1K w - - 0 1,
066SBP,Hard,,r1bqnrk1/p3p1bp/1pp2ppB/2p5/4P3/2NP1N1P/PPPQ1PP1/R3K2R w KQ - 0 1,
067SBP,Hard,,2r5/1p2p1k1/3pP3/2bP2p1/2R2pPp/1B3P2/P6P/7K b - - 0 1,
068SBP,Hard,,5k1r/7p/1p1r1pp1/p1nP4/4P3/4RP2/B5PP/1R4K1 b - - 0 1,
069SBP,Hard,,5rk1/p1pB2np/2Pp2pB/1p1Pp1Q1/4P2P/8/1q4N1/6K1 w - - 0 1,
070SBP,Hard,,8/p3nk2/1p2Np2/4nPpp/2q1P3/P5PP/b2Q1BBK/8 b - - 0 1,
071SBP,Hard,,5rk1/p1Q5/1p3Pq1/2pr3p/P2Bp2P/R7/1P4PK/8 b - - 0 1,
072SBP,Hard,,rn4k1/4qppp/p1pNp3/2P5/Pr1P4/5Q1P/5PP1/R2R2K1 w - - 0 1,
073SBP,Hard,,2r2rk1/pb1qbppp/np2p3/3p4/1P1P4/P1N3P1/3BPPBP/R2Q1RK1 b - - 0 1,
074SBP,Hard,,r4rk1/pp1bnpb1/1q2p2p/3p2pB/2pPP3/2P3P1/PPQN1PPN/R4RK1 w - - 0 1,
075SBP,Hard,,3nr1k1/2qbbppp/5n2/1pp1p3/4P3/1BPPNN2/3B1PPP/Q3R1K1 w - - 0 1,
076SBP,Hard,,r2q1rk1/2pnbppp/p2p4/3P4/Pp6/1B6/1PP2PPP/R1BQR1K1 w - - 0 1,
077SBP,Hard,,r1r3k1/p4pp1/6b1/4P2p/5B2/P2p1PP1/1P3RP1/R5K1 w - - 0 1,
078SBP,Hard,,2rq1rk1/1b2bpp1/2p1pn1p/pp6/3PN3/P2BP3/1PQB1PPP/R4RK1 b - - 0 1,
079SBP,Hard,,1r3rk1/q2n1nbp/b1pp1pp1/p3p3/N1PPP3/5NB1/P1Q1BPPP/3RR1K1 w - - 0 1,
080SBP,Hard,,rn2k1nr/pp2ppbp/2pp2p1/8/N1PPP3/q7/P2B1PPP/R2QKB1R w KQkq - 0 1,
081SBP,Hard,,r2q1rk1/p2n1ppp/1p2p3/3b4/3P4/P1BB3Q/1P3PPP/R3K2R b KQ - 0 1,
082SBP,Hard,,2r1k2r/pb3pp1/1q1bp2p/2n3P1/1p1Q3P/4PN2/PP1BBP2/R3K1R1 b Qk - 0 1,
083SBP,Hard,,2r1k2r/1q1nbpp1/p3p2p/1p1b4/3N1B1P/3B1P2/PPPQR1P1/1K1R4 b k - 0 1,
084SBP,Hard,,r2qkb1r/1p3ppp/pn1pbn2/N3p3/4P1P1/2N1BP2/PPP4P/R2QKB1R b KQkq - 0 1,
085SBP,Hard,,5rk1/1p4pp/pB1p3q/b2P4/N1P5/3Q2Pb/PP5P/3R2K1 b - - 0 1,
086SBP,Hard,,r2qr1k1/ppb2ppp/2p1pnb1/8/4P1P1/BPP2B1P/P2NQP2/3R1RK1 b - - 0 1,
087SBP,Hard,,2r2rk1/pp3ppp/1b2q3/2ppPN2/3P4/2P2Q2/P4PPP/R4RK1 w - - 0 1,
088SBP,Hard,,2r2rk1/1p1bbppp/p2ppn2/5P2/P2BP3/1BN5/1PP3PP/3R1R1K b - - 0 1,
089SBP,Hard,,5rk1/pppq3p/2npbrp1/4pp2/2PPP3/6P1/PP1QNPBP/2R2RK1 b - - 0 1,
090SBP,Hard,,r1r2bk1/1q1n1pp1/2n1p2p/3pP2N/1p1P3P/1P3N2/2RB1PP1/2RQ2K1 w - - 0 1,
091SBP,Hard,,2rqr1k1/p4pp1/1pp1bn1p/3pB3/2PP1P2/3P2PP/P5B1/2RQ1RK1 b - - 0 1,
092SBP,Hard,,4qr2/5knQ/2p1pp2/ppP5/8/PP3N2/5PK1/7R w - - 0 1,
093SBP,Hard,,1r2r1k1/1bq2pbp/2pp2p1/p1n5/2PB4/P3P1P1/2QN1PBP/2R1R1K1 w - - 0 1,
094SBP,Hard,,r1b1r1k1/pp1n1pbp/2pp1np1/3Pp3/2P1P3/1PN2NP1/P4PBP/R1BR2K1 b - - 0 1,
095SBP,Hard,,r1b1r1k1/1pq3bp/n1pp1np1/p3pp2/2PPP3/PP3NP1/1BQN1PBP/R4RK1 w - - 0 1,
096SBP,Hard,,2rq1rk1/pbp2ppp/1p1b4/3p4/3Pn3/P3P1P1/1PQBNPBP/2RR2K1 w - - 0 1,
097SBP,Hard,,6k1/r4p1p/2Bp1bp1/2nPp3/2P5/r4P1P/2Q3P1/1R5K b - - 0 1,
098SBP,Hard,,r1br4/ppk2pp1/3bp2p/8/5PP1/3R2B1/PPP3B1/2KR4 b - - 0 1,
099SBP,Hard,,3qr1k1/p4pb1/r5p1/1p1p3p/1PbN3P/P3P1P1/3Q1PB1/R2R2K1 b - - 0 1,
100SBP,Hard,,r3k2r/pp2n1pp/1qn1bp2/4p3/Q3P3/B1P3P1/P2N1PBP/R4RK1 b kq - 0 1,
101SBP,Hard,,2r3r1/1p2k1pp/pB2ppb1/P7/1bB1P3/1P1R1P2/4K1PP/R7 b - - 0 1,
102SBP,Hard,,r3qrk1/1ppb1pbp/3p2p1/p1nPp2n/2P1P3/2N1BN1P/PPB2PP1/R2QR1K1 w - - 0 1,
103SBP,Hard,,r3k1r1/pb2qp2/1ppppn2/3Pn1p1/2P1P3/2Q3B1/PP1N1PP1/R3KB1R w KQq - 0 1,
104SBP,Hard,,r1k3nr/pppb2bp/2n2pp1/4p3/2P1P3/2N1BNP1/PP3P1P/2KR1B1R w - - 0 1,
105SBP,Hard,,r2qk2r/pp3pp1/1nn1b2p/3pP3/2pP4/2P1BN2/P1P1B1PP/R3QRK1 b kq - 0 1,
106SBP,Hard,,5rk1/2pq2p1/4b3/1p6/3P1r2/5NQ1/1P4PP/R3R1K1 w - - 0 1,
107SBP,Hard,,2r3k1/pp3ppp/3p1bn1/P2P4/1PP2q2/3QRN2/6PP/1B5K b - - 0 1,
108SBP,Hard,,5rk1/1p1nppb1/p1rpb2p/q2N4/3BPPpP/6P1/PPP2Q2/2KR1B1R b - - 0 1,
109SBP,Hard,,r2q1rk1/1p1nbppb/4pn1p/1Pp5/p3P3/P4NP1/1BPN1PBP/R3QRK1 b - - 0 1,
110SBP,Hard,,1k5r/3bbp1r/pqnppp2/1p6/4PP1p/1NN4R/PPP3PP/1K1RQB2 w - - 0 1,
111SBP,Hard,,3b1rk1/1p1q1pp1/3p3p/1b1Pp3/nP2Q3/4BN1P/P4PP1/2R1R1K1 b - - 0 1,
112SBP,Hard,,4r1k1/5ppp/5n2/p1pnN3/PqNP4/1P3Q2/5PPP/2R3K1 w - - 0 1,
113SBP,Hard,,2r1rbk1/3q1p1p/p1n3p1/1pp1P3/3pN3/1P3Q1P/PP1B1PP1/3RR1K1 b - - 0 1,
114SBP,Hard,,2r1k2r/1bqpbpp1/p1n1p2p/8/3N1PPP/4B3/PPPQ3R/2KR1B2 w k - 0 1,
115SBP,Hard,,4rrk1/3bq1bp/3n4/1pBPpp2/1Pp2P2/2N4P/2BQ2P1/4RRK1 w - - 0 1,
116SBP,Hard,,r1b1k2r/p1p2p1p/2p1q1p1/4P3/1b3P2/2B5/PPQ3PP/R3KB1R b KQkq - 0 1,
117SBP,Hard,,2r2rk1/p1qbppb1/6pp/8/2pPP3/2B3P1/P1Q2PBP/2RR2K1 w - - 0 1,
118SBP,Hard,,r1bq1rk1/pp2bppp/2p2n2/8/2PB4/5PN1/PP1Q2PP/R3KB1R b KQ - 0 1,
119SBP,Hard,,r4rk1/ppq2pp1/3b1np1/2p5/8/1BP2QN1/PP3PPP/R4RK1 w - - 0 1,
120SBP,Hard,,r2q1rk1/ppnnppb1/3p2pp/2pP4/4P3/2P1BN2/PP3PPP/RN1QR1K1 b - - 0 1,
121SBP,Hard,,1qrr2k1/3b1pbp/p2ppnp1/8/2BNP3/1P2BP2/P2Q2PP/2RR2K1 b - - 0 1,
122SBP,Hard,,6rk/p3b1qp/2p1bp1r/2p1p3/P3NpP1/1P1P1Q1P/1BP2PRK/6R1 b - - 0 1,
123SBP,Hard,,r1b1r1k1/1pq1nppp/2pn4/P2p4/1Q1P4/1NRBP2P/4NPP1/1R4K1 w - - 0 1,
124SBP,Hard,,r1bqkb1r/1pp2ppp/pn2p3/4P3/2BP4/2Q2N2/PP3PPP/R1B1K2R w KQkq - 0 1,
125SBP,Hard,,r4b1r/p3nk1p/R1p2p2/3p4/1P3Pq1/3Q2B1/2PN3P/5RK1 b - - 0 1,
126SBP,Hard,,2rq1rk1/pb1nbppp/1p1p1n2/4p1B1/P3P3/1BN2N2/1PP1RPPP/R2Q2K1 b - - 0 1,
127SBP,Hard,,2r3rk/5p1p/p3pPp1/1b2P1QP/1p4P1/1P2pq2/P1P5/1KR2BR1 w - - 0 1,
128SBP,Hard,,br2rbk1/2q2ppp/p1npp3/2p3P1/P3PP2/1PN1BB2/2PR1Q1P/5RK1 b - - 0 1,
129SBP,Hard,,3r4/1b2k3/p2p1npp/1p2p3/2r1P1PP/P1N1RBK1/1PPR4/8 b - - 0 1,
130SBP,Hard,,r3k2r/ppqbbpp1/2npp3/1B4Bn/3NP2P/2N5/PPP1QP2/2KR3R b kq - 0 1,
131SBP,Hard,,r1b3k1/5n1p/2p2Bp1/1p3P2/4r3/1B4P1/6P1/1R3RK1 w - - 0 1,
132SBP,Hard,,2r1k2r/1bq1bpp1/p2p4/1p2pPB1/3NP1pP/8/PPPQ2P1/1K1RR3 w k - 0 1,
133SBP,Hard,,2r2rk1/1pbq1ppp/p1n1bn2/5N2/3pPB2/Q2B2N1/PP3PPP/2R2RK1 w - - 0 1,
134SBP,Hard,,rn1q1rk1/pp3pbp/1np1p1p1/8/3PP3/2N2B1P/PP3PP1/R1BQ1RK1 w - - 0 1,
135SBP,Hard,,r2q1rk1/ppp2pbp/1nb3p1/2n1p3/8/2NP1NP1/PP2PPBP/R1BQ1RK1 b - - 0 1,
136SBP,Hard,,1r1qr1k1/1p3ppp/p1np1n2/2p2b2/2P1NP1b/1PNPPB1P/PB1Q3K/R5R1 w - - 0 1,
137SBP,Hard,,r1b1kr2/pppp1p1p/8/3PN1pQ/8/4P1P1/P2R1P1P/4KB1q w q - 0 1,
138SBP,Hard,,2r1r1k1/pp1nqpp1/4p2p/3n3P/3N4/8/PPPBQPP1/1K1R2R1 w - - 0 1,
139SBP,Hard,,r3k2r/1bq1ppb1/p1pp2p1/1p1nP2p/3P1P1P/3NB3/PPP2QP1/1K1R1B1R b kq - 0 1,
140SBP,Hard,,2rq1rk1/pp2bpp1/4nnp1/3p4/3P4/PBNQP3/1P1B2PP/4RRK1 w - - 0 1,
141SBP,Hard,,r7/1p1bknp1/p4p2/2Pp3r/1P1N4/1B2PP2/1B3KP1/R7 w - - 0 1,
142SBP,Hard,,r1r3k1/2q1bppp/p2p1n2/4p1P1/Q7/4BP2/PPP4P/2KR1B1R b - - 0 1,
143SBP,Hard,,1rb1rbk1/2q2pp1/p2p3p/n2Pp3/Pp6/1P2BN1P/2P2PP1/R2QRBK1 w - - 0 1,
144SBP,Hard,,1r1qr1k1/4bppp/2npb3/pp1Np3/4P2P/P1P1N1P1/1P3P2/R2QKB1R w KQ - 0 1,
145SBP,Hard,,1q1r1k2/5pp1/pPp1p3/3n2r1/P6p/1Q1N3P/5PP1/2R2RK1 w - - 0 1,
146SBP,Hard,,r1r3k1/3nbppp/q1p1pnb1/pp1p4/2P3PN/PP1P1N1P/1BQ1PPB1/R4RK1 b - - 0 1,
147SBP,Hard,,rn5r/p3kp2/1p2p2p/2pPb1pN/b3P3/2P2PP1/P2B3P/1R2KB1R b K - 0 1,
148SBP,Hard,,2rq1rk1/1b2bppp/pp2pn2/1P1p4/P2P4/1QN1P1P1/3N1PBP/2RR2K1 b - - 0 1,
149SBP,Hard,,2r2nk1/1q3pp1/1p2pb1p/p1r5/4Q3/4PN2/PPBR1PPP/1K5R b - - 0 1,
150SBP,Hard,,2rq1rk1/3n1pbp/b1pp2p1/2nPp3/p1P1P3/4BNNP/P2Q1PP1/1R1R1BK1 w - - 0 1,
151SBP,Hard,,1r1bk3/1pqn1pp1/p1p1pnp1/2Pp4/N2P2P1/1Q1BPP2/PP1B3r/2KR3R w - - 0 1,
152SBP,Hard,,r4rk1/pp1n1pbp/2p2np1/q3p3/2QP4/2N1PB1P/PP3PP1/R1BR2K1 w - - 0 1,
153SBP,Hard,,r3r3/pp2qpk1/1n1b2pp/3Pp3/4N3/1B5P/PP2QPP1/2R1R1K1 w - - 0 1,
154SBP,Hard,,3r2k1/1pprq1pp/p1n2pb1/2R5/1P2PP2/P5P1/1B4BP/2Q1R1K1 w - - 0 1,
155SBP,Hard,,r3k2r/2q1ppb1/2pp2p1/p2nPb1p/1p1P1P1P/3N2P1/PPPBQ1B1/1K1R3R b kq - 0 1,
156SBP,Hard,,2bq1rk1/Q2n2b1/1p4np/1Pp1ppp1/2Pp4/1N1P2PP/3NPPB1/B3K2R b K - 0 1,
157SBP,Hard,,r3r1k1/1bqnbppp/p3p3/2ppP3/5P2/1PNB4/PBP1Q1PP/4RR1K w - - 0 1,
158SBP,Hard,,r4rk1/pb4pp/1pn1p1q1/3pP3/3P2B1/4P1P1/PP4K1/R1BQR3 b - - 0 1,
159SBP,Hard,,r4rk1/ppp2qb1/3p2pp/3Ppb1n/1nP1B3/2N1B1PP/PP1NQP2/R3K2R b KQ - 0 1,
160SBP,Hard,,r1kr4/pppbbpp1/7p/2p1P3/5n2/1P3NNP/PBPR1PP1/3R2K1 w - - 0 1,
161SBP,Hard,,2r1kb1r/1ppq2pp/p4pn1/8/2NpPB2/5Q1P/PP3PP1/2RR2K1 w k - 0 1,
162SBP,Hard,,1r1q1rk1/1bp1ppbp/3p1np1/n2N4/1p1PP3/1P4P1/PB3PBP/2RQNRK1 b - - 0 1,
163SBP,Hard,,2r1rnk1/1b3pp1/pq3n1p/1pbp4/3N4/P1N1PB2/1PQ2PPP/2RRB1K1 b - - 0 1,
164SBP,Hard,,2brr1k1/1pq2pp1/p3pb1p/2Pn4/1P1N4/P3B1PP/2QR1PB1/3R2K1 w - - 0 1,
165SBP,Hard,,r2r4/4kpp1/ppq1pb1p/2N5/2P1P3/Q7/PP2BPPP/R3K2R b KQ - 0 1,
166SBP,Hard,,1k1r3r/ppq2pp1/2pb1np1/3p4/Q2P4/3BPPP1/PP1B3P/1K1R3R w - - 0 1,
167SBP,Hard,,r1b1r1k1/3nbpp1/pq2pn1p/1pp1N3/3P3B/P1N1P3/BPQ2PPP/3R1RK1 w - - 0 1,
168SBP,Hard,,2k1r3/1ppb1pp1/r1p5/p3PnBp/1b6/1PNR1NPP/P1P2P2/5RK1 b - - 0 1,
169SBP,Hard,,3rr1k1/pbq3pp/1p2p3/4bp1Q/2PB4/1P5P/P1B2PP1/3R1R1K w - - 0 1,
170SBP,Hard,,r2r2k1/2q1nppp/p2p1b2/1p2p3/P3P3/2PQBN2/1P3PPP/R2R2K1 b - - 0 1,
171SBP,Hard,,r4k1r/4ppb1/1qpp4/3nPp1p/p2P1P1P/1p1NB1P1/PPP1Q3/K2R3R w - - 0 1,
172SBP,Hard,,1nrrb1k1/ppp1qppp/8/3p4/3P4/2QNP1P1/PP3PBP/R1R3K1 w - - 0 1,
173SBP,Hard,,rnbqr1k1/pp3pbp/2pp2p1/7n/2PNP1P1/2N2P2/PP2B2P/R1BQR1K1 b - - 0 1,
174SBP,Hard,,rn2kb1r/1bq1pppp/p2p4/1p1P4/3N4/4B2P/PPP2PP1/R2QKB1R w KQkq - 0 1,
175SBP,Hard,,r4r1k/1pnqp1bp/2ppbnp1/5p2/1PPP4/3N2P1/1BQNPPBP/R4RK1 w - - 0 1,
176SBP,Hard,,1r3k2/5pp1/2qp3r/1p2b2p/7P/3BR3/PP2QPP1/4RK2 w - - 0 1,
177SBP,Hard,,r2q1rk1/1b1nbppp/pp1ppn2/8/P1PNP3/2N1BP2/1P2B1PP/R2Q1RK1 w - - 0 1,
178SBP,Hard,,r1bq1rk1/ppp3bp/3p1np1/3PpnB1/2P1N3/5P2/PP1QN1PP/2KR1B1R b - - 0 1,
179SBP,Hard,,r4rk1/4bppp/pqP5/1b1p4/1p2P3/1B3P2/PP3RPP/R1B1Q1K1 w - - 0 1,
180SBP,Hard,,1r1r2k1/2qnbppp/2bp1n2/pp2p3/1P2P3/P1N1BP2/N1P1BQPP/R2R3K b - - 0 1,
181SBP,Hard,,1r3bk1/r2q1pp1/2np3p/1p2p3/4P3/2PQNN1P/1P3PP1/R2R2K1 w - - 0 1,
182SBP,Hard,,r1b1k2r/5pp1/pq1ppb1p/1pN5/2B1PP2/2N5/PPPQ2PP/1K1RR3 b kq - 0 1,
183SBP,Hard,,r3k2r/3b1pb1/pqnpp2p/8/5PP1/1Pp2N1P/P1P1Q1B1/R1B1K2R b KQkq - 0 1,
184SBP,Hard,,r4b1n/1p1n1kp1/q1p1p3/p2pPp2/P2P1P2/1N1NB1P1/1PP1Q3/R5K1 b - - 0 1,
185SBP,Hard,,r1bq1rk1/p2nbppp/1p1p1n2/2pPp3/P1B1P3/2N2N2/1PP2PPP/R1BQR1K1 w - - 0 1,
186SBP,Hard,,2r1r3/1p3kpp/pBb1p3/5p2/2P1n3/8/PP2BPPP/R1R3K1 w - - 0 1,
187SBP,Hard,,r4r1k/3qb1pp/p1nppn2/2p5/P3P3/2PQ1NN1/5PPP/R1B1R1K1 w - - 0 1,
188SBP,Hard,,2b3k1/1pp4p/r2p1qp1/p2Pp3/4Pr2/3R1P2/PPP3QP/2K3NR b - - 0 1,
189SBP,Hard,,rn2k1nr/pp2ppbp/2pp2p1/q7/2PP2bB/2N1PN2/PP3PPP/R2QKB1R b KQkq - 0 1,
190SBP,Hard,,r2qr1k1/pppb1pbp/3p1np1/4n3/2PN4/1PN1PB1P/PB3PP1/R2Q1RK1 b - - 0 1,
191SBP,Hard,,r2qr1k1/1b3pbp/pp3np1/3p4/P7/2NBPQ1P/1P3PP1/R2RB1K1 b - - 0 1,
192SBP,Hard,,r2qr1k1/2pn1pbp/b3p1p1/p1PpPn2/1p1P1P2/4B1P1/PP1QNNBP/2RR3K w - - 0 1,
193SBP,Hard,,1q3rk1/5ppp/3P4/Q7/1p6/6P1/b4PBP/2R3K1 b - - 0 1,
194SBP,Hard,,3r4/pR1r1ppk/2pBpn1p/P1P4P/3q4/5QP1/5PK1/1R6 w - - 0 1,
195SBP,Hard,,r4rk1/p3qnbp/1pp1b1p1/4p3/1P2Pp2/3P1N1P/1QPB1PP1/RN3RK1 b - - 0 1,
196SBP,Hard,,r3k2r/5ppp/p1pq1n2/1p2p3/1PPbP3/3B4/P2BQPPP/2R2RK1 w kq - 0 1,
197SBP,Hard,,6k1/pp2q2p/2p3p1/3r1b2/4p3/2B1P1b1/PPQ2PPP/3R2K1 w - - 0 1,
198SBP,Hard,,r1b2rk1/pp1n1pbp/1q4p1/3p4/3P4/1N1B1N2/PPQ2PPP/R4RK1 b - - 0 1,
199SBP,Hard,,6r1/1p1nkprp/p1npp3/8/1PP1PP2/P1N2K2/3R3P/1B1R4 b - - 0 1,
200SBP,Hard,,2bq1r1k/1p3pbp/r7/p1Ppp1P1/8/1NP3Q1/PP1B2PP/4RRK1 w - - 0 1,
201SBP,Hard,,5r2/ppr1q1kp/3p1p2/4pPpn/2PpP3/1P1P1NP1/P2Q3P/2R2RK1 w - - 0 1,
202SBP,Hard,,5k1r/R4p1p/1p1r1np1/2p5/3n4/2N2BP1/PP3PKP/3R4 w - - 0 1,
203SBP,Hard,,r1b2rk1/1p2bppp/p2ppn2/q7/3QPP2/2N1B3/PPP1B1PP/2KR3R w - - 0 1,
204SBP,Hard,,r1q1r1k1/1b1n1pbp/p1p1n1p1/BpP1p3/P3P3/1N1N2PP/1PQ2PB1/R2R2K1 w - - 0 1,
205SBP,Hard,,r3r1k1/1p2pp1p/3p2p1/p1nPbq1P/2P5/1P2BB2/P3QPP1/1R1R2K1 w - - 0 1,
206SBP,Hard,,r3k2r/pbp2ppp/1pn1pn2/7q/1b1P4/2NQ1NP1/PP1BPPBP/R3K2R b KQkq - 0 1,
207SBP,Hard,,r2br1k1/1pq2pp1/p4n1p/2n1pP2/7B/2N2BQ1/PPP3PP/2KRR3 w - - 0 1,
208SBP,Hard,,1k1r1b1r/ppq2pp1/4pn1p/2p4P/Q2P4/5N2/PPPB1PP1/1K1R3R b - - 0 1,
209SBP,Hard,,2b2rk1/2q2ppp/p2bp3/1r1n4/Np1B1Pn1/1N4P1/PPPQ2BP/1K1R3R w - - 0 1,
210SBP,Hard,,1rbq1rk1/1p4b1/p2p2pp/2pP1n2/2P1RB1P/5NP1/PP4B1/4QRK1 w - c6 0 1,
211SBP,Hard,,1r3k2/q4pb1/p1rpb2p/2pN2p1/1PB5/P2QP1P1/5PP1/2RR2K1 w - - 0 1,
212SBP,Hard,,r1bqr3/pp3pk1/3p1np1/2pPn3/4P1P1/2N2P1p/PP1QB2P/R3KN1R b KQ - 0 1,
213SBP,Hard,,2rr1b2/1pp2k1p/p3nppn/4p3/1PP1P3/2B2NPP/P4PB1/R2R2K1 b - - 0 1,
214SBP,Hard,,r4rk1/1pqn1pbp/1npp2p1/p2Pp3/P3PP2/2N1BB2/1PP1Q1PP/R2R3K w - - 0 1,
215SBP,Hard,,8/3r1pk1/r1q1pbp1/2p4p/2N5/P3P2P/2Q2PP1/1RR3K1 w - - 0 1,
216SBP,Hard,,3q1rk1/3R2pp/1r2pp2/2b5/Q3PP2/5N2/5P1P/4R1K1 b - - 0 1,
217SBP,Hard,,rn1rn1k1/pb2bp2/3pp2p/2p3p1/2P1P3/1PN1BNP1/1P1R1PBP/3R2K1 b - - 0 1,
218SBP,Hard,,r3r1k1/1p1b1ppp/pq1p4/2pPnP1n/P6B/2N4P/1PB2QP1/R4RK1 w - - 0 1,
219SBP,Hard,,6k1/3r4/1pbq2Pp/p2n1Q2/P1B5/2P3P1/1P4P1/3R2K1 w - - 0 1,
220SBP,Hard,,2r2rk1/1b2bppp/1q6/p3p3/Pp2P3/1N1P2PP/1P3PB1/1QRR2K1 b - - 0 1,
221SBP,Hard,,1q4k1/3n1pp1/2br3p/1p2p3/1P2P3/3BQP1P/4N1PK/R7 w - - 0 1,
222SBP,Hard,,5rk1/ppp2qp1/4p3/3p4/3P4/PP4Pp/1P2QPnP/3N1R1K b - - 0 1,
223SBP,Hard,,2r2rk1/pb1qbppp/np2p3/3p4/1P1P4/P1N3P1/3BPPBP/R2Q1RK1 b - - 0 1,
224SBP,Hard,,r4rk1/pp1bnpb1/1q2p2p/3p2pB/2pPP3/2P3P1/PPQN1PPN/R4RK1 w - - 0 1,
225SBP,Hard,,3nr1k1/2qbbppp/5n2/1pp1p3/4P3/1BPPNN2/3B1PPP/Q3R1K1 w - - 0 1,
226SBP,Hard,,r2q1rk1/2pnbppp/p2p4/3P4/Pp6/1B6/1PP2PPP/R1BQR1K1 w - - 0 1,
227SBP,Hard,,r1r3k1/p4pp1/6b1/4P2p/5B2/P2p1PP1/1P3RP1/R5K1 w - - 0 1,
228SBP,Hard,,2rq1rk1/1b2bpp1/2p1pn1p/pp6/3PN3/P2BP3/1PQB1PPP/R4RK1 b - - 0 1,
229SBP,Hard,,1r3rk1/q2n1nbp/b1pp1pp1/p3p3/N1PPP3/5NB1/P1Q1BPPP/3RR1K1 w - - 0 1,
230SBP,Hard,,rn2k1nr/pp2ppbp/2pp2p1/8/N1PPP3/q7/P2B1PPP/R2QKB1R w KQkq - 0 1,
231SBP,Hard,,r2q1rk1/p2n1ppp/1p2p3/3b4/3P4/P1BB3Q/1P3PPP/R3K2R b KQ - 0 1,
232SBP,Hard,,2r1k2r/pb3pp1/1q1bp2p/2n3P1/1p1Q3P/4PN2/PP1BBP2/R3K1R1 b Qk - 0 1,
233SBP,Hard,,2r1k2r/1q1nbpp1/p3p2p/1p1b4/3N1B1P/3B1P2/PPPQR1P1/1K1R4 b k - 0 1,
234SBP,Hard,,r2qkb1r/1p3ppp/pn1pbn2/N3p3/4P1P1/2N1BP2/PPP4P/R2QKB1R b KQkq - 0 1,
235SBP,Hard,,5rk1/1p4pp/pB1p3q/b2P4/N1P5/3Q2Pb/PP5P/3R2K1 b - - 0 1,
236SBP,Hard,,r2qr1k1/ppb2ppp/2p1pnb1/8/4P1P1/BPP2B1P/P2NQP2/3R1RK1 b - - 0 1,
237SBP,Hard,,2r2rk1/pp3ppp/1b2q3/2ppPN2/3P4/2P2Q2/P4PPP/R4RK1 w - - 0 1,
238SBP,Hard,,2r2rk1/1p1bbppp/p2ppn2/5P2/P2BP3/1BN5/1PP3PP/3R1R1K b - - 0 1,
239SBP,Hard,,5rk1/pppq3p/2npbrp1/4pp2/2PPP3/6P1/PP1QNPBP/2R2RK1 b - - 0 1,
240SBP,Hard,,r1r2bk1/1q1n1pp1/2n1p2p/3pP2N/1p1P3P/1P3N2/2RB1PP1/2RQ2K1 w - - 0 1,
241SBP,Hard,,2rqr1k1/p4pp1/1pp1bn1p/3pB3/2PP1P2/3P2PP/P5B1/2RQ1RK1 b - - 0 1,
242SBP,Hard,,4qr2/5knQ/2p1pp2/ppP5/8/PP3N2/5PK1/7R w - - 0 1,
243SBP,Hard,,1r2r1k1/1bq2pbp/2pp2p1/p1n5/2PB4/P3P1P1/2QN1PBP/2R1R1K1 w - - 0 1,
244SBP,Hard,,r1b1r1k1/pp1n1pbp/2pp1np1/3Pp3/2P1P3/1PN2NP1/P4PBP/R1BR2K1 b - - 0 1,
245SBP,Hard,,r1b1r1k1/1pq3bp/n1pp1np1/p3pp2/2PPP3/PP3NP1/1BQN1PBP/R4RK1 w - - 0 1,
246SBP,Hard,,2rq1rk1/pbp2ppp/1p1b4/3p4/3Pn3/P3P1P1/1PQBNPBP/2RR2K1 w - - 0 1,
247SBP,Hard,,6k1/r4p1p/2Bp1bp1/2nPp3/2P5/r4P1P/2Q3P1/1R5K b - - 0 1,
248SBP,Hard,,r1br4/ppk2pp1/3bp2p/8/5PP1/3R2B1/PPP3B1/2KR4 b - - 0 1,
249SBP,Hard,,3qr1k1/p4pb1/r5p1/1p1p3p/1PbN3P/P3P1P1/3Q1PB1/R2R2K1 b - - 0 1,
250SBP,Hard,,r3k2r/pp2n1pp/1qn1bp2/4p3/Q3P3/B1P3P1/P2N1PBP/R4RK1 b kq - 0 1,
251SBP,Hard,,2r3r1/1p2k1pp/pB2ppb1/P7/1bB1P3/1P1R1P2/4K1PP/R7 b - - 0 1,
252SBP,Hard,,r3qrk1/1ppb1pbp/3p2p1/p1nPp2n/2P1P3/2N1BN1P/PPB2PP1/R2QR1K1 w - - 0 1,
253SBP,Hard,,r3k1r1/pb2qp2/1ppppn2/3Pn1p1/2P1P3/2Q3B1/PP1N1PP1/R3KB1R w KQq - 0 1,
254SBP,Hard,,r1k3nr/pppb2bp/2n2pp1/4p3/2P1P3/2N1BNP1/PP3P1P/2KR1B1R w - - 0 1,
255SBP,Hard,,r2qk2r/pp3pp1/1nn1b2p/3pP3/2pP4/2P1BN2/P1P1B1PP/R3QRK1 b kq - 0 1,
256SBP,Hard,,5rk1/2pq2p1/4b3/1p6/3P1r2/5NQ1/1P4PP/R3R1K1 w - - 0 1,
257SBP,Hard,,2r3k1/pp3ppp/3p1bn1/P2P4/1PP2q2/3QRN2/6PP/1B5K b - - 0 1,
258SBP,Hard,,5rk1/1p1nppb1/p1rpb2p/q2N4/3BPPpP/6P1/PPP2Q2/2KR1B1R b - - 0 1,
259SBP,Hard,,r2q1rk1/1p1nbppb/4pn1p/1Pp5/p3P3/P4NP1/1BPN1PBP/R3QRK1 b - - 0 1,
260SBP,Hard,,1k5r/3bbp1r/pqnppp2/1p6/4PP1p/1NN4R/PPP3PP/1K1RQB2 w - - 0 1,
261SBP,Hard,,3b1rk1/1p1q1pp1/3p3p/1b1Pp3/nP2Q3/4BN1P/P4PP1/2R1R1K1 b - - 0 1,
262SBP,Hard,,4r1k1/5ppp/5n2/p1pnN3/PqNP4/1P3Q2/5PPP/2R3K1 w - - 0 1,
263SBP,Hard,,2r1rbk1/3q1p1p/p1n3p1/1pp1P3/3pN3/1P3Q1P/PP1B1PP1/3RR1K1 b - - 0 1,
264SBP,Hard,,2r1k2r/1bqpbpp1/p1n1p2p/8/3N1PPP/4B3/PPPQ3R/2KR1B2 w k - 0 1,
265SBP,Hard,,4rrk1/3bq1bp/3n4/1pBPpp2/1Pp2P2/2N4P/2BQ2P1/4RRK1 w - - 0 1,
266SBP,Hard,,r1b1k2r/p1p2p1p/2p1q1p1/4P3/1b3P2/2B5/PPQ3PP/R3KB1R b KQkq - 0 1,
267SBP,Hard,,2r2rk1/p1qbppb1/6pp/8/2pPP3/2B3P1/P1Q2PBP/2RR2K1 w - - 0 1,
268SBP,Hard,,r1bq1rk1/pp2bppp/2p2n2/8/2PB4/5PN1/PP1Q2PP/R3KB1R b KQ - 0 1,
269SBP,Hard,,r4rk1/ppq2pp1/3b1np1/2p5/8/1BP2QN1/PP3PPP/R4RK1 w - - 0 1,
270SBP,Hard,,r2q1rk1/ppnnppb1/3p2pp/2pP4/4P3/2P1BN2/PP3PPP/RN1QR1K1 b - - 0 1,
271SBP,Hard,,1qrr2k1/3b1pbp/p2ppnp1/8/2BNP3/1P2BP2/P2Q2PP/2RR2K1 b - - 0 1,
272SBP,Hard,,6rk/p3b1qp/2p1bp1r/2p1p3/P3NpP1/1P1P1Q1P/1BP2PRK/6R1 b - - 0 1,
273SBP,Hard,,r1b1r1k1/1pq1nppp/2pn4/P2p4/1Q1P4/1NRBP2P/4NPP1/1R4K1 w - - 0 1,
274SBP,Hard,,r1bqkb1r/1pp2ppp/pn2p3/4P3/2BP4/2Q2N2/PP3PPP/R1B1K2R w KQkq - 0 1,
275SBP,Hard,,r4b1r/p3nk1p/R1p2p2/3p4/1P3Pq1/3Q2B1/2PN3P/5RK1 b - - 0 1,
276SBP,Hard,,2rq1rk1/pb1nbppp/1p1p1n2/4p1B1/P3P3/1BN2N2/1PP1RPPP/R2Q2K1 b - - 0 1,
277SBP,Hard,,2r3rk/5p1p/p3pPp1/1b2P1QP/1p4P1/1P2pq2/P1P5/1KR2BR1 w - - 0 1,
278SBP,Hard,,br2rbk1/2q2ppp/p1npp3/2p3P1/P3PP2/1PN1BB2/2PR1Q1P/5RK1 b - - 0 1,
279SBP,Hard,,3r4/1b2k3/p2p1npp/1p2p3/2r1P1PP/P1N1RBK1/1PPR4/8 b - - 0 1,
280SBP,Hard,,r3k2r/ppqbbpp1/2npp3/1B4Bn/3NP2P/2N5/PPP1QP2/2KR3R b kq - 0 1,
281SBP,Hard,,r1b3k1/5n1p/2p2Bp1/1p3P2/4r3/1B4P1/6P1/1R3RK1 w - - 0 1,
282SBP,Hard,,2r1k2r/1bq1bpp1/p2p4/1p2pPB1/3NP1pP/8/PPPQ2P1/1K1RR3 w k - 0 1,
283SBP,Hard,,2r2rk1/1pbq1ppp/p1n1bn2/5N2/3pPB2/Q2B2N1/PP3PPP/2R2RK1 w - - 0 1,
284SBP,Hard,,rn1q1rk1/pp3pbp/1np1p1p1/8/3PP3/2N2B1P/PP3PP1/R1BQ1RK1 w - - 0 1,
285SBP,Hard,,r2q1rk1/ppp2pbp/1nb3p1/2n1p3/8/2NP1NP1/PP2PPBP/R1BQ1RK1 b - - 0 1,
286SBP,Hard,,1r1qr1k1/1p3ppp/p1np1n2/2p2b2/2P1NP1b/1PNPPB1P/PB1Q3K/R5R1 w - - 0 1,
287SBP,Hard,,r1b1kr2/pppp1p1p/8/3PN1pQ/8/4P1P1/P2R1P1P/4KB1q w q - 0 1,
288SBP,Hard,,2r1r1k1/pp1nqpp1/4p2p/3n3P/3N4/8/PPPBQPP1/1K1R2R1 w - - 0 1,
289SBP,Hard,,r3k2r/1bq1ppb1/p1pp2p1/1p1nP2p/3P1P1P/3NB3/PPP2QP1/1K1R1B1R b kq - 0 1,
290SBP,Hard,,2rq1rk1/pp2bpp1/4nnp1/3p4/3P4/PBNQP3/1P1B2PP/4RRK1 w - - 0 1,
291SBP,Hard,,r7/1p1bknp1/p4p2/2Pp3r/1P1N4/1B2PP2/1B3KP1/R7 w - - 0 1,
292SBP,Hard,,r1r3k1/2q1bppp/p2p1n2/4p1P1/Q7/4BP2/PPP4P/2KR1B1R b - - 0 1,
293SBP,Hard,,1rb1rbk1/2q2pp1/p2p3p/n2Pp3/Pp6/1P2BN1P/2P2PP1/R2QRBK1 w - - 0 1,
294SBP,Hard,,1r1qr1k1/4bppp/2npb3/pp1Np3/4P2P/P1P1N1P1/1P3P2/R2QKB1R w KQ - 0 1,
295SBP,Hard,,1q1r1k2/5pp1/pPp1p3/3n2r1/P6p/1Q1N3P/5PP1/2R2RK1 w - - 0 1,
296SBP,Hard,,r1r3k1/3nbppp/q1p1pnb1/pp1p4/2P3PN/PP1P1N1P/1BQ1PPB1/R4RK1 b - - 0 1,
297SBP,Hard,,rn5r/p3kp2/1p2p2p/2pPb1pN/b3P3/2P2PP1/P2B3P/1R2KB1R b K - 0 1,
298SBP,Hard,,2rq1rk1/1b2bppp/pp2pn2/1P1p4/P2P4/1QN1P1P1/3N1PBP/2RR2K1 b - - 0 1,
299SBP,Hard,,2r2nk1/1q3pp1/1p2pb1p/p1r5/4Q3/4PN2/PPBR1PPP/1K5R b - - 0 1,
300SBP,Hard,,2rq1rk1/3n1pbp/b1pp2p1/2nPp3/p1P1P3/4BNNP/P2Q1PP1/1R1R1BK1 w - - 0 1,
301SBP,Hard,,1r1bk3/1pqn1pp1/p1p1pnp1/2Pp4/N2P2P1/1Q1BPP2/PP1B3r/2KR3R w - - 0 1,
302SBP,Hard,,r4rk1/pp1n1pbp/2p2np1/q3p3/2QP4/2N1PB1P/PP3PP1/R1BR2K1 w - - 0 1,
303SBP,Hard,,r3r3/pp2qpk1/1n1b2pp/3Pp3/4N3/1B5P/PP2QPP1/2R1R1K1 w - - 0 1,
304SBP,Hard,,3r2k1/1pprq1pp/p1n2pb1/2R5/1P2PP2/P5P1/1B4BP/2Q1R1K1 w - - 0 1,
305SBP,Hard,,r3k2r/2q1ppb1/2pp2p1/p2nPb1p/1p1P1P1P/3N2P1/PPPBQ1B1/1K1R3R b kq - 0 1,
306SBP,Hard,,2bq1rk1/Q2n2b1/1p4np/1Pp1ppp1/2Pp4/1N1P2PP/3NPPB1/B3K2R b K - 0 1,
307SBP,Hard,,r3r1k1/1bqnbppp/p3p3/2ppP3/5P2/1PNB4/PBP1Q1PP/4RR1K w - - 0 1,
308SBP,Hard,,r4rk1/pb4pp/1pn1p1q1/3pP3/3P2B1/4P1P1/PP4K1/R1BQR3 b - - 0 1,
309SBP,Hard,,r4rk1/ppp2qb1/3p2pp/3Ppb1n/1nP1B3/2N1B1PP/PP1NQP2/R3K2R b KQ - 0 1,
310SBP,Hard,,r1kr4/pppbbpp1/7p/2p1P3/5n2/1P3NNP/PBPR1PP1/3R2K1 w - - 0 1,
311SBP,Hard,,2r1kb1r/1ppq2pp/p4pn1/8/2NpPB2/5Q1P/PP3PP1/2RR2K1 w k - 0 1,
312SBP,Hard,,1r1q1rk1/1bp1ppbp/3p1np1/n2N4/1p1PP3/1P4P1/PB3PBP/2RQNRK1 b - - 0 1,
313SBP,Hard,,2r1rnk1/1b3pp1/pq3n1p/1pbp4/3N4/P1N1PB2/1PQ2PPP/2RRB1K1 b - - 0 1,
314SBP,Hard,,2brr1k1/1pq2pp1/p3pb1p/2Pn4/1P1N4/P3B1PP/2QR1PB1/3R2K1 w - - 0 1,
315SBP,Hard,,r2r4/4kpp1/ppq1pb1p/2N5/2P1P3/Q7/PP2BPPP/R3K2R b KQ - 0 1,
316SBP,Hard,,1k1r3r/ppq2pp1/2pb1np1/3p4/Q2P4/3BPPP1/PP1B3P/1K1R3R w - - 0 1,
317SBP,Hard,,r1b1r1k1/3nbpp1/pq2pn1p/1pp1N3/3P3B/P1N1P3/BPQ2PPP/3R1RK1 w - - 0 1,
318SBP,Hard,,2k1r3/1ppb1pp1/r1p5/p3PnBp/1b6/1PNR1NPP/P1P2P2/5RK1 b - - 0 1,
319SBP,Hard,,3rr1k1/pbq3pp/1p2p3/4bp1Q/2PB4/1P5P/P1B2PP1/3R1R1K w - - 0 1,
320SBP,Hard,,r2r2k1/2q1nppp/p2p1b2/1p2p3/P3P3/2PQBN2/1P3PPP/R2R2K1 b - - 0 1,
321SBP,Hard,,r4k1r/4ppb1/1qpp4/3nPp1p/p2P1P1P/1p1NB1P1/PPP1Q3/K2R3R w - - 0 1,
322SBP,Hard,,1nrrb1k1/ppp1qppp/8/3p4/3P4/2QNP1P1/PP3PBP/R1R3K1 w - - 0 1,
323SBP,Hard,,rnbqr1k1/pp3pbp/2pp2p1/7n/2PNP1P1/2N2P2/PP2B2P/R1BQR1K1 b - - 0 1,
324SBP,Hard,,rn2kb1r/1bq1pppp/p2p4/1p1P4/3N4/4B2P/PPP2PP1/R2QKB1R w KQkq - 0 1,
325SBP,Hard,,r4r1k/1pnqp1bp/2ppbnp1/5p2/1PPP4/3N2P1/1BQNPPBP/R4RK1 w - - 0 1,
326SBP,Hard,,1r3k2/5pp1/2qp3r/1p2b2p/7P/3BR3/PP2QPP1/4RK2 w - - 0 1,
327SBP,Hard,,r2q1rk1/1b1nbppp/pp1ppn2/8/P1PNP3/2N1BP2/1P2B1PP/R2Q1RK1 w - - 0 1,
328SBP,Hard,,r1bq1rk1/ppp3bp/3p1np1/3PpnB1/2P1N3/5P2/PP1QN1PP/2KR1B1R b - - 0 1,
329SBP,Hard,,r4rk1/4bppp/pqP5/1b1p4/1p2P3/1B3P2/PP3RPP/R1B1Q1K1 w - - 0 1,
330SBP,Hard,,1r1r2k1/2qnbppp/2bp1n2/pp2p3/1P2P3/P1N1BP2/N1P1BQPP/R2R3K b - - 0 1,
331SBP,Hard,,1r3bk1/r2q1pp1/2np3p/1p2p3/4P3/2PQNN1P/1P3PP1/R2R2K1 w - - 0 1,
332SBP,Hard,,r1b1k2r/5pp1/pq1ppb1p/1pN5/2B1PP2/2N5/PPPQ2PP/1K1RR3 b kq - 0 1,
333SBP,Hard,,r3k2r/3b1pb1/pqnpp2p/8/5PP1/1Pp2N1P/P1P1Q1B1/R1B1K2R b KQkq - 0 1,
334SBP,Hard,,r4b1n/1p1n1kp1/q1p1p3/p2pPp2/P2P1P2/1N1NB1P1/1PP1Q3/R5K1 b - - 0 1,
335SBP,Hard,,r1bq1rk1/p2nbppp/1p1p1n2/2pPp3/P1B1P3/2N2N2/1PP2PPP/R1BQR1K1 w - - 0 1,
336SBP,Hard,,2r1r3/1p3kpp/pBb1p3/5p2/2P1n3/8/PP2BPPP/R1R3K1 w - - 0 1,
337SBP,Hard,,r4r1k/3qb1pp/p1nppn2/2p5/P3P3/2PQ1NN1/5PPP/R1B1R1K1 w - - 0 1,
338SBP,Hard,,2b3k1/1pp4p/r2p1qp1/p2Pp3/4Pr2/3R1P2/PPP3QP/2K3NR b - - 0 1,
339SBP,Hard,,rn2k1nr/pp2ppbp/2pp2p1/q7/2PP2bB/2N1PN2/PP3PPP/R2QKB1R b KQkq - 0 1,
340SBP,Hard,,r2qr1k1/pppb1pbp/3p1np1/4n3/2PN4/1PN1PB1P/PB3PP1/R2Q1RK1 b - - 0 1,
341SBP,Hard,,r2qr1k1/1b3pbp/pp3np1/3p4/P7/2NBPQ1P/1P3PP1/R2RB1K1 b - - 0 1,
342SBP,Hard,,r2qr1k1/2pn1pbp/b3p1p1/p1PpPn2/1p1P1P2/4B1P1/PP1QNNBP/2RR3K w - - 0 1,
343SBP,Hard,,1q3rk1/5ppp/3P4/Q7/1p6/6P1/b4PBP/2R3K1 b - - 0 1,
344SBP,Hard,,3r4/pR1r1ppk/2pBpn1p/P1P4P/3q4/5QP1/5PK1/1R6 w - - 0 1,
345SBP,Hard,,r4rk1/p3qnbp/1pp1b1p1/4p3/1P2Pp2/3P1N1P/1QPB1PP1/RN3RK1 b - - 0 1,
346SBP,Hard,,r3k2r/5ppp/p1pq1n2/1p2p3/1PPbP3/3B4/P2BQPPP/2R2RK1 w kq - 0 1,
347SBP,Hard,,6k1/pp2q2p/2p3p1/3r1b2/4p3/2B1P1b1/PPQ2PPP/3R2K1 w - - 0 1,
348SBP,Hard,,r1b2rk1/pp1n1pbp/1q4p1/3p4/3P4/1N1B1N2/PPQ2PPP/R4RK1 b - - 0 1,
349SBP,Hard,,6r1/1p1nkprp/p1npp3/8/1PP1PP2/P1N2K2/3R3P/1B1R4 b - - 0 1,
350SBP,Hard,,2bq1r1k/1p3pbp/r7/p1Ppp1P1/8/1NP3Q1/PP1B2PP/4RRK1 w - - 0 1,
351SBP,Hard,,5r2/ppr1q1kp/3p1p2/4pPpn/2PpP3/1P1P1NP1/P2Q3P/2R2RK1 w - - 0 1,
352SBP,Hard,,5k1r/R4p1p/1p1r1np1/2p5/3n4/2N2BP1/PP3PKP/3R4 w - - 0 1,
353SBP,Hard,,r1b2rk1/1p2bppp/p2ppn2/q7/3QPP2/2N1B3/PPP1B1PP/2KR3R w - - 0 1,
354SBP,Hard,,r1q1r1k1/1b1n1pbp/p1p1n1p1/BpP1p3/P3P3/1N1N2PP/1PQ2PB1/R2R2K1 w - - 0 1,
355SBP,Hard,,r3r1k1/1p2pp1p/3p2p1/p1nPbq1P/2P5/1P2BB2/P3QPP1/1R1R2K1 w - - 0 1,
356SBP,Hard,,r3k2r/pbp2ppp/1pn1pn2/7q/1b1P4/2NQ1NP1/PP1BPPBP/R3K2R b KQkq - 0 1,
357SBP,Hard,,r2br1k1/1pq2pp1/p4n1p/2n1pP2/7B/2N2BQ1/PPP3PP/2KRR3 w - - 0 1,
358SBP,Hard,,1k1r1b1r/ppq2pp1/4pn1p/2p4P/Q2P4/5N2/PPPB1PP1/1K1R3R b - - 0 1,
359SBP,Hard,,2b2rk1/2q2ppp/p2bp3/1r1n4/Np1B1Pn1/1N4P1/PPPQ2BP/1K1R3R w - - 0 1,
360SBP,Hard,,1rbq1rk1/1p4b1/p2p2pp/2pP1n2/2P1RB1P/5NP1/PP4B1/4QRK1 w - c6 0 1,
361SBP,Hard,,1r3k2/q4pb1/p1rpb2p/2pN2p1/1PB5/P2QP1P1/5PP1/2RR2K1 w - - 0 1,
362SBP,Hard,,r1bqr3/pp3pk1/3p1np1/2pPn3/4P1P1/2N2P1p/PP1QB2P/R3KN1R b KQ - 0 1,
363SBP,Hard,,2rr1b2/1pp2k1p/p3nppn/4p3/1PP1P3/2B2NPP/P4PB1/R2R2K1 b - - 0 1,
364SBP,Hard,,r4rk1/1pqn1pbp/1npp2p1/p2Pp3/P3PP2/2N1BB2/1PP1Q1PP/R2R3K w - - 0 1,
365SBP,Hard,,8/3r1pk1/r1q1pbp1/2p4p/2N5/P3P2P/2Q2PP1/1RR3K1 w - - 0 1,
366SBP,Hard,,3q1rk1/3R2pp/1r2pp2/2b5/Q3PP2/5N2/5P1P/4R1K1 b - - 0 1,
367SBP,Hard,,rn1rn1k1/pb2bp2/3pp2p/2p3p1/2P1P3/1PN1BNP1/1P1R1PBP/3R2K1 b - - 0 1,
368SBP,Hard,,r3r1k1/1p1b1ppp/pq1p4/2pPnP1n/P6B/2N4P/1PB2QP1/R4RK1 w - - 0 1,
369SBP,Hard,,6k1/3r4/1pbq2Pp/p2n1Q2/P1B5/2P3P1/1P4P1/3R2K1 w - - 0 1,
370SBP,Hard,,2r2rk1/1b2bppp/1q6/p3p3/Pp2P3/1N1P2PP/1P3PB1/1QRR2K1 b - - 0 1,
371SBP,Hard,,1q4k1/3n1pp1/2br3p/1p2p3/1P2P3/3BQP1P/4N1PK/R7 w - - 0 1,
372SBP,Hard,,5rk1/ppp2qp1/4p3/3p4/3P4/PP4Pp/1P2QPnP/3N1R1K b - - 0 1,
373SBP,Hard,,1r3rk1/p1n2ppp/b7/P1p1P3/1pNbN3/1P4PB/5P1P/2RR2K1 w - - 0 1,
374SBP,Hard,,5rk1/4qpbp/1p2r1p1/pNp1n3/2Pp2P1/3P3P/PP1BPRQ1/5RK1 b - - 0 1,
375SBP,Hard,,8/1prr1pkp/4nRp1/2qB2P1/pp2P1PP/P5Q1/1P6/1K3R2 w - - 0 1,
376SBP,Hard,,r4r1k/p1pb4/1p1p3p/3Pq3/2P2p2/3pBN2/PPQ2P1P/6RK w - - 0 1,
377SBP,Hard,,2k4r/2p2rpp/3b1n2/Npp1p1B1/4P3/3R1P2/PP3P1P/3R2K1 w - - 0 1,
378SBP,Hard,,3r1rk1/b2qnpp1/p1pp3p/4p3/P1P1P3/BN4P1/4PPKP/1R1Q1R2 b - - 0 1,
379SBP,Hard,,r2qnrk1/1pp1bppp/p7/3Pp1B1/4P3/P1N2Q2/1P3PPP/2RR2K1 w - - 0 1,
380SBP,Hard,,r1q4k/1p3rp1/2pnbp1p/2N5/PR1Pp1P1/4P2P/1Q3PB1/3R2K1 w - - 0 1,
381SBP,Hard,,r1q4k/1p3rp1/2pnbp1p/2N5/PR1Pp1P1/4P2P/1Q3PB1/3R2K1 w - - 0 1,
382SBP,Hard,,r1q4k/1p3rp1/2pnNp1p/8/PR1Pp1P1/4P2P/1Q3PB1/3R2K1 b - - 0 1,
383SBP,Hard,,rr6/3nnpk1/2q1b1pp/p1ppP3/PpP2Q1P/5N2/1PBN1PP1/R3R1K1 b - - 0 1,
384SBP,Hard,,2rq1rk1/3nbp1p/p1b1p3/1pp2p2/2PP4/1P3NP1/P2NQPBP/3R1RK1 w - - 0 1,
385SBP,Hard,,3q1r1k/4nnbp/pr1p2p1/2pP4/R3NPP1/7P/1P6/3QRBBK w - - 0 1,
386SBP,Hard,,br2rbk1/2qn1ppp/2pp4/p7/1pP1P3/1B1NBP2/PPQ3PP/3RR1K1 w - - 0 1,
387SBP,Hard,,br2rbk1/2qn1ppp/p1pp4/8/1pP1P3/1B1NBP2/PPQ3PP/3RR1K1 b - - 0 1,
388SBP,Hard,,r1bqk2r/1p3pbp/p1nppnp1/8/2P1P3/1NNB4/PP3PPP/R1BQ1RK1 w kq - 0 1,
389SBP,Hard,,r3r3/2nq1pbk/p2p2pp/2pP4/Pp2PP2/6B1/1P1Q2PP/3NRRK1 b - - 0 1,
390SBP,Hard,,2rq1rk1/5ppp/1p2p3/1PnbP3/p1RN3b/P3B2P/4BPP1/3Q1RK1 w - - 0 1,
391SBP,Hard,,2rq1rk1/5ppp/1p2p3/1PnbP3/p1RN3b/P3B2P/4BPP1/3Q1RK1 w - - 0 1,
392SBP,Hard,,2rq1rk1/5ppp/1pN1p3/1PnbP3/p1R4b/P3B2P/4BPP1/3Q1RK1 b - - 0 1,
393SBP,Hard,,2r3k1/2q1bpp1/2n1p1n1/1p1rP2p/3pQ2P/3N1N2/PP1B1PP1/2R1R1K1 w - - 0 1,
394SBP,Hard,,1n3rk1/1bq1npbp/1p4p1/2p1p3/1PPp4/1Q1PPNP1/1B1N1PBP/R5K1 b - - 0 1,
395SBP,Hard,,1n3rk1/1bq1npbp/1p4p1/2p1p3/1PPp4/1Q1PPNP1/1B1N1PBP/r3R1K1 w - - 0 1,
396SBP,Hard,,1r1r2k1/1b1nqpb1/1pp1p1pp/p7/N2P4/PQ2PN2/1P2BPPP/2RR2K1 b - - 0 1,
397SBP,Hard,,r1bqr1k1/1p4bp/2pp2p1/p1n1pp1n/2P1P3/1PNPB1PP/P2QNPB1/R4RK1 w - - 0 1,
398SBP,Hard,,1nbq1rk1/1pp2ppp/3p1n2/4p3/1PP5/2Q2NP1/3PPP1P/B3KB1R b K - 0 1,
399SBP,Hard,,3r4/p4pk1/1p2bqpp/2p5/2Pp2PP/PP1Q1P2/8/1K2R2R b - - 0 1,
400SBP,Hard,,3r4/p4pk1/1p2bqpp/2p5/2Pp2PP/PP1Q1P2/8/1K2R2R b - - 0 1,
401SBP,Hard,,rq3rk1/1b1nbppp/ppnpp3/8/2P1PP2/1NN1BB2/PP2Q1PP/2RR2K1 w - - 0 1,
402SBP,Hard,,r1q1kb1r/5ppp/1pbppn2/p7/PPP1P3/6P1/3N1PBP/R1BQ1RK1 w kq - 0 1,
403SBP,Hard,,r1q1kb1r/5ppp/1pbppn2/p7/PPP1P3/6P1/3N1PBP/R1BQ1RK1 w kq - 0 1,
404SBP,Hard,,r1q1kb1r/5ppp/1pbppn2/pP6/P1P1P3/6P1/3N1PBP/R1BQ1RK1 b kq - 0 1,
405SBP,Hard,,r4rk1/pb3pp1/1pp1pn1p/8/2PP3Q/qP1B1N2/P4PPP/R3R1K1 w - - 0 1,
406SBP,Hard,,r1bqk2r/p1pnn1b1/1p1pp2p/5pp1/2PPP3/P1N1BN2/1P2BPPP/2RQ1RK1 w kq - 0 1,
407SBP,Hard,,r1bqk2r/pppnn1b1/3pp2p/5pp1/2PPP3/P1N1BN2/1P2BPPP/2RQ1RK1 b kq - 0 1,
408SBP,Hard,,r1b2rk1/1pqn1ppp/p3pn2/3p4/1bPN4/1PN3P1/P1Q1PPBP/R1BR2K1 w - - 0 1,
409SBP,Hard,,r1b2rk1/1pqn1ppp/p2ppn2/8/1bPN4/1PN3P1/P1Q1PPBP/R1BR2K1 b - - 0 1,
410SBP,Hard,,2r3k1/5pp1/p2q2bp/1p1p4/3Nn3/N1P1R3/PP3PPP/4Q1K1 b - - 0 1,
411SBP,Hard,,2r3k1/5pp1/p2q2bp/1p1p4/3Nn3/N1P1R3/PP1Q1PPP/6K1 w - - 0 1,
412SBP,Hard,,1rq1r1k1/R3b1pp/1npppn2/1p2p1N1/1P1PP3/2NQB2P/2P2PP1/4R1K1 w - - 0 1,
413SBP,Hard,,4rrk1/p2bq3/2pp2p1/5n1p/2P1N3/2P3P1/P2Q2BP/4RRK1 w - - 0 1,
414SBP,Hard,,r4rk1/p2bq3/2pp2p1/5n1p/2P1N3/2P3P1/P2Q2BP/4RRK1 b - - 0 1,
415SBP,Hard,,r4rk1/pb3pb1/1pppqnpp/4n3/2P4B/P1N1PN2/1PQ1BPPP/3R1RK1 w - - 0 1,
416SBP,Hard,,r3kn1r/1bp1qp2/pp1b1n1p/3Pp1p1/P1B5/2N1PNB1/1P2QPPP/R4RK1 w kq - 0 1,
417SBP,Hard,,rnbq1rk1/p3ppbp/1pp3p1/2Pp4/N2P1P2/3BP2P/PPQ3P1/2R1K1NR b K - 0 1,
418SBP,Hard,,rnbq1rk1/p3ppbp/1pp3p1/2Pp4/3P1P2/2NBP2P/PPQ3P1/2R1K1NR w K - 0 1,
419SBP,Hard,,3r2k1/1pqnbbpp/2p2p2/2N1p3/1P2P3/2QPB1P1/r4PBP/1R3RK1 b - - 0 1,
420SBP,Hard,,4rrk1/pb1nq1pp/1p1bp3/2p2pN1/2PP4/1P2Q3/PB2BPPP/4RRK1 w - - 0 1,
421SBP,Hard,,r2qnrn1/pp3pbk/3p2p1/2pPp2p/2P1P2N/5PPb/PPQBB2P/R2NR1K1 w - - 0 1,
422SBP,Hard,,r2qnrn1/pp3pbk/3p2p1/2pPp2p/2P1P2N/5PPb/PPQBB2P/R2NR1K1 w - - 0 1,
423SBP,Hard,,2rq1rk1/4b1pp/p1b1pp2/1pnp4/4PB1P/5PN1/PPPQB1P1/1K1R3R w - - 0 1,
424SBP,Hard,,rn1qk2r/1p2bppp/p1n1p3/3bP3/3N1B2/3B1N2/PP3PPP/R2Q1RK1 b kq - 0 1,
425SBP,Hard,,1r1qk2r/3b1p1p/Q2p2p1/2p1p3/2P1P3/2P1PN2/P4KPP/RR6 b k - 0 1,
426SBP,Hard,,1r1qk2r/3b1p1p/Q2p2p1/2p1p3/2P1P3/2n1PN2/P2P1KPP/RR6 w k - 0 1,
427SBP,Hard,,r2qr1k1/1p1b1p1p/p1n1pbp1/2Pp4/1P1B1P2/P1P2N2/3QB1PP/2R2RK1 w - - 0 1,
428SBP,Hard,,r2qr1k1/1p1b1p1p/p1n1pbp1/2Pp4/1P1B1P2/P1P2N2/3QB1PP/2R2RK1 w - - 0 1,
429SBP,Hard,,r2qr1k1/1p1b1p1p/p1n1pbp1/2Pp4/1P1B1P2/P1P2N2/3QB1PP/2R2RK1 w - - 0 1,
430SBP,Hard,,r2qr1k1/1p1b1p1p/p1n1pbp1/2Pp4/1P1B1P2/P1P2N2/3QB1PP/2R2RK1 w - - 0 1,
431SBP,Hard,,r4rk1/pp4pp/2p3b1/3pR2n/3P4/5P1B/PPP1N2P/2K3R1 b - - 0 1,
432SBP,Hard,,2r3k1/1r2bpp1/1Bnp2qp/1p2p3/4P3/PP1Q3P/2N2PP1/2RR2K1 w - - 0 1,
433SBP,Hard,,1n1r1rk1/1pq1bppp/3p1n2/pB1Pp3/8/PN2BP2/1PP1Q1PP/1K1R3R w - - 0 1,
434SBP,Hard,,1rbr2k1/p3qpb1/1pp1pnpp/2N5/3P4/1B2PN2/PPQ2PPP/2RR2K1 w - - 0 1,
435SBP,Hard,,1rbr2k1/pp2qpb1/2p1pnpp/2N5/3P4/1B2PN2/PPQ2PPP/2RR2K1 b - - 0 1,
436SBP,Hard,,r3rbk1/1nqb1p2/p2p1np1/2pPp3/NpP1P1P1/1P6/P1BB1P1N/R2QR1K1 b - - 0 1,
437SBP,Hard,,7k/1r2p1b1/p1q4p/4p1p1/P1n1N1P1/2P1P1BP/5P1K/RQ6 w - - 0 1,
438SBP,Hard,,r5k1/pbr1qpp1/1pp1p2p/4N3/1bPPpP2/1P2P2Q/PB4PP/R4RK1 w - - 0 1,
439SBP,Hard,,r5k1/pbr1qpp1/1pp1p2p/3pN3/1bPPBP2/1P2P2Q/PB4PP/R4RK1 b - - 0 1,
440SBP,Hard,,5rk1/1p1bqppp/2p1p2n/4P3/2P1B3/1PQ5/5P1P/B2R2K1 b - - 0 1,
441SBP,Hard,,2r3k1/p2q1pp1/1pn1p2r/1R1pPn1p/P4Q2/2PP1N1P/3B1PP1/1R4K1 w - - 0 1,
442SBP,Hard,,r2q1r2/1b2bpk1/p2p1n1p/3Npp2/1p2P3/3Q4/PPPB1NPP/R4R1K w - - 0 1,
443SBP,Hard,,r2q1r2/1b2bpk1/p2p1npp/3NpP2/1p2P3/3Q4/PPPB1NPP/R4R1K b - - 0 1,
444SBP,Hard,,r2qk2r/pp3pbp/1np1pnp1/8/P2P1P2/3Q2N1/1PP1N1PP/R1B2RK1 w kq - 0 1,
445SBP,Hard,,r1b2rk1/p4pp1/2p4p/n3p1b1/8/3P1PN1/PP1P1P1P/RNB1R1K1 b - - 0 1,
446SBP,Hard,,r1b2rk1/p4pp1/2p4p/n3p1b1/8/3P1qN1/PP1P1PPP/RNB1R1K1 w - - 0 1,
447SBP,Hard,,1rq2rk1/3b1pbp/n2p2p1/1p1Pp2n/4P3/P1N1B2P/2QNBPP1/RR4K1 w - - 0 1,
448SBP,Hard,,1rq2rk1/3b1pbp/n2p2p1/1p1Pp2n/4P3/P1N1B2P/2QNBPP1/RR4K1 w - - 0 1,
449SBP,Hard,,3r1rk1/pp3ppp/2p2qb1/3nN3/3P4/1B2R3/PP1Q1PPP/4R1K1 w - - 0 1,
450SBP,Hard,,4rrk1/4qpp1/p2b1n1p/1pnPp3/7P/2N1B2Q/PPB2PP1/2RR2K1 w - - 0 1,
451SBP,Hard,,4rrk1/4qpp1/p2b1n1p/1pnPp3/7P/2N1B2Q/PPB2PP1/2RR2K1 w - - 0 1,
452SBP,Hard,,4rrk1/1p1q1ppn/p1pp3p/4p1b1/PP1PP3/1R2BQNP/2P2PP1/4R1K1 b - - 0 1,
453SBP,Hard,,4rrk1/1p1q1ppn/p1pp3p/4p1b1/PP1PP3/1R2BQNP/2P2PP1/4R1K1 b - - 0 1,
454SBP,Hard,,r1bq1rk1/1p4p1/2n4p/p2pp3/7P/1BP3Q1/PP3PP1/R1B1K2R b KQ - 0 1,
455SBP,Hard,,r2r2k1/p1p1ppbp/bn2q1p1/2p1P3/3P1N2/1PN1B3/P1Q2PPP/2R1K2R b K - 0 1,
456SBP,Hard,,r2r2k1/p1p1ppbp/bn2q1p1/2p1P3/3P4/1PN1B3/P1Q1NPPP/2R1K2R w K - 0 1,
457SBP,Hard,,1r3rk1/1ppnb1n1/p2p2q1/3Pp1pp/PPP1Pp2/2N2P1P/3BQ1PN/1R1R2K1 b - - 0 1,
458SBP,Hard,,1r3rk1/1ppnb1n1/p2p2q1/3Pp1pp/PPP1Pp2/2N4P/3BQPPN/1R1R2K1 w - - 0 1,
459SBP,Hard,,3q2k1/1r1p1pp1/1p2p2p/nPb1N3/4PB2/P2Q2P1/5P1P/2R3K1 w - - 0 1,
460SBP,Hard,,3q2k1/1r1pbpp1/1p2p2p/nP2N3/4PB2/P2Q2P1/5P1P/2R3K1 b - - 0 1,
461SBP,Hard,,r2q1rk1/1b1nbpp1/pp3n1p/3p4/2pP1N2/2N1P1B1/PP3PPP/1BRQ1RK1 b - - 0 1,
462SBP,Hard,,r2q1rk1/1b1nbpp1/pp3n1p/3p4/2pP1N2/2N1P1B1/PP3PPP/1BRQ1RK1 b - - 0 1,
463SBP,Hard,,4rrk1/1pq1bppp/p1p1pnn1/4N1B1/2PP3P/2N3P1/PP1RQP2/R5K1 w - - 0 1,
464SBP,Hard,,4rrk1/ppq1bppp/2p1pnn1/4N1B1/2PP3P/2N3P1/PP1RQP2/R5K1 b - - 0 1,
465SBP,Hard,,6rk/6pp/pp6/2bp1pQ1/4q3/1P2P2P/PB3PP1/2R3K1 w - - 0 1,
466SBP,Hard,,2brrn1k/1p4pp/p1pq1p2/PnNp4/1P1P4/1N1BPP1P/2Q3P1/4RRK1 w - - 0 1,
467SBP,Hard,,r1b1rnk1/1pq2pbp/2p3p1/2P1p3/N3P3/2BP4/2Q2PPP/RR1B2K1 w - - 0 1,
468SBP,Hard,,r1b1r1k1/1pqn1pbp/2p3p1/2P1p3/N3P3/2BP4/2Q2PPP/RR1B2K1 b - - 0 1,
469SBP,Hard,,2r1rbk1/1b1qnpp1/p2p3p/1p1Pp3/6P1/PBP3N1/1P3PP1/R1BQR1K1 w - - 0 1,
470SBP,Hard,,2r1rbk1/1b1qnpp1/p2p3p/1p1Pp3/6P1/PBP5/1P3PP1/R1BQRNK1 w - - 0 1,
471SBP,Hard,,1rb3k1/2q2p1p/p2p4/2pPn1p1/2rbP3/R3BP1P/NP2Q1P1/1R1N2K1 w - - 0 1,
472SBP,Hard,,1rb3k1/2q2p1p/p2p2p1/2pPn3/2rbP3/R3BP1P/NP2Q1P1/1R1N2K1 b - - 0 1,
473SBP,Hard,,2rr4/Q1n1nqbk/2p3pp/3pp3/2P1B3/B1N5/P4PPP/2RR2K1 w - - 0 1,
474SBP,Hard,,2rr4/Q1n1nqbk/2pp2pp/4p3/2P1B3/B1N5/P4PPP/2RR2K1 b - - 0 1,
475SBP,Hard,,r3r1k1/2b2q2/2b1p1pp/pp1p4/2nB1PB1/P1NQ2P1/1PP4P/1K1RR3 w - - 0 1,
476SBP,Hard,,r1r3k1/pp1nppbp/3pb1p1/8/N1PBP3/5P2/PP2B1PP/2R2RK1 w - - 0 1,
477SBP,Hard,,r1r3k1/pp2ppbp/3pbnp1/8/N1PBP3/5P2/PP2B1PP/2R2RK1 b - - 0 1,
478SBP,Hard,,2r1k2r/2q2ppp/4pb2/R7/1pP5/5QP1/1PP2PKP/2B2R2 w k - 0 1,
479SBP,Hard,,2r1k2r/2q1bppp/4pN2/R7/1pP5/5QP1/1PP2PKP/2B2R2 b k - 0 1,
480SBP,Hard,,2rr2k1/1pq1bppp/p2p1n2/P2Pp3/4n3/4B3/1PPQBPPP/R1NR2K1 w - - 0 1,
481SBP,Hard,,2rr2k1/1pq1bppp/p2p1n2/P1nPp3/8/4B3/1PPQBPPP/R1NR2K1 b - - 0 1,
482SBP,Hard,,bqr3k1/r1pnbppp/p3pn2/B7/1p1P4/1N2QNP1/PP2PPBP/R1R3K1 w - - 0 1,
483SBP,Hard,,bq3rk1/r1pnbppp/p3pn2/B7/1p1P4/1N2QNP1/PP2PPBP/R1R3K1 b - - 0 1,
484SBP,Hard,,r4rk1/p4qb1/1np2npp/2N1p3/4Pp2/B4B2/P4PPP/R2QR1K1 w - - 0 1,
485SBP,Hard,,r1bqk1nr/1p3p1p/6p1/pNbBp3/3p4/PQ4P1/1P2PP1P/R1B1K2R b KQkq - 0 1,
486SBP,Hard,,r1bqk1nr/1p3p1p/6p1/pNbBp3/3p4/P5P1/1P2PP1P/R1BQK2R w KQkq - 0 1,
487SBP,Hard,,2br1k2/p4p2/2Prn2p/6p1/6P1/q2BR3/4NPP1/1Q1R1K2 w - - 0 1,
488SBP,Hard,,2br1k2/p4p2/2Prn2p/6p1/6P1/q2BR3/4NPP1/1Q1R1K2 w - - 0 1,
489SBP,Hard,,2br1k2/p4p2/2Prn2p/6p1/6P1/q2BR3/4NPP1/1Q1R1K2 w - - 0 1,
490SBP,Hard,,2rr2k1/1p1nbppp/p2p4/q2Bn1P1/5B2/2N5/PPP2Q1P/1K1R3R w - - 0 1,
491SBP,Hard,,r2r2k1/1p1nbppp/p2p4/q2Bn1P1/5B2/2N5/PPP2Q1P/1K1R3R b - - 0 1,
492SBP,Hard,,1k3rr1/1p3ppp/pn6/3pPR2/2pP4/n1P2RP1/2PB2NP/6K1 w - - 0 1,
493SBP,Hard,,1k3rr1/1p3ppp/pn6/1n1pPR2/2pP4/Q1P2RP1/2PB2NP/6K1 b - - 0 1,
494SBP,Hard,,3r1rk1/1bq2pbp/p3p1p1/1ppnP1N1/3P4/2PB2B1/P3QPPP/2R2RK1 b - - 0 1,
495SBP,Hard,,3r1rk1/1bq2pbp/p3p1p1/1ppnP1N1/3P1B2/2PB4/P3QPPP/2R2RK1 w - - 0 1,
496SBP,Hard,,1r1q1rk1/4ppbp/b2p2p1/p1n5/1p2P3/1P1PN1P1/R1PBQPBP/5RK1 w - - 0 1,
497SBP,Hard,,1r1q1rk1/4ppbp/b2p2p1/p1n5/1p2P3/1P1PN1P1/R1PBQPBP/5RK1 w - - 0 1,
498SBP,Hard,,r4rk1/6b1/p1bppp2/1p2q2p/4P3/3B4/PPP1NQPP/1K1R1R2 w - - 0 1,
499SBP,Hard,,r4rk1/8/p1bppp1b/1p2q2p/4P3/3B4/PPP1NQPP/1K1R1R2 b - - 0 1,
500SBP,Hard,,r4rk1/6b1/p1bppp2/1p2q2p/4P3/3B4/PPP1NQPP/1K1R1R2 w - - 0 1,
501SBP,Hard,,5rk1/p1r3pp/5q2/1p1R1p2/2P1p3/1P1n1PP1/P3Q1BP/3R2K1 w - - 0 1,
502SBP,Hard,,5rk1/p1r3pp/1p3q2/3R1p2/2P1p3/1P1n1PP1/P3Q1BP/3R2K1 b - - 0 1,
503SBP,Hard,,2r3k1/6b1/1p1p2qp/3Pp1p1/2P1p3/3nB1P1/P2QB2P/R5K1 w - - 0 1,
504SBP,Hard,,1rN3k1/6b1/1p1p2qp/3Pp1p1/2P1p3/3nB1P1/P2QB2P/R5K1 b - - 0 1,
505SBP,Hard,,r5k1/ppq3pp/5p2/n2p4/P1pPr1P1/B1P1P3/6PP/R2Q1RK1 w - - 0 1,
506SBP,Hard,,r1b1nrk1/3pbppp/p1q1p3/1p4P1/4P3/P3BP2/1PPQN2P/2KR1B1R b - - 0 1,
507SBP,Hard,,r1b1nrk1/3pbppp/p1q1p3/1p4P1/4P3/P1N1BP2/1PPQ3P/2KR1B1R w - - 0 1,
508SBP,Hard,,r2qkb1r/pppbp1pp/1n3p2/3P2B1/1Q2P3/2N2N2/PP3PPP/2KR3R w kq - 0 1,
509SBP,Hard,,rn1r4/pp2kp2/2p2bp1/5b1p/2BP4/2N2N1P/PP3PP1/2KR3R w - - 0 1,
510SBP,Hard,,r2q1r2/1p1b2bk/2nP2pp/3Q1p2/p1B5/4B3/PP2NPPP/R4RK1 b - - 0 1,
511SBP,Hard,,r2q1r2/1p1b2bk/2nP2pp/3Q1p2/p7/1B2B3/PP2NPPP/R4RK1 w - - 0 1,
512SBP,Hard,,2r1q1k1/pb3ppp/1p2p1n1/3nP3/3NBP2/P4Q2/1P2N1PP/4R1K1 w - - 0 1,
513SBP,Hard,,2r2rk1/1pqbbppp/p2p1n2/P3p3/NnB1P3/4B3/1PPN1PPP/RQ2R1K1 b - - 0 1,
514SBP,Hard,,r1b2rk1/1p4pp/2nq4/p1b1pp2/2P5/PP4P1/1B1PBP1P/R2QNRK1 b - - 0 1,
515SBP,Hard,,r1b2rk1/1p4pp/2nq4/p1b1pp2/2P5/PP4P1/1B1PBP1P/R2QNRK1 b - - 0 1,
516SBP,Hard,,r1b2rk1/1p4pp/3q4/p1b1pp2/2Pn4/PP4P1/1B1PBP1P/R2QNRK1 w - - 0 1,
517SBP,Hard,,r2r2k1/ppR2p1p/5Qp1/3b3P/3PB3/8/4qPP1/3R2K1 w - - 0 1,
518SBP,Hard,,r2r2k1/ppR2p1p/5Qp1/3b3P/3PB3/8/q4PP1/3R2K1 b - - 0 1,
519SBP,Hard,,r2r2k1/p3qppp/2p5/8/4n1b1/5N2/PP1B1PPP/2RQR1K1 w - - 0 1,
520SBP,Hard,,r2r2k1/pp2qppp/2B5/8/4n1b1/5N2/PP1B1PPP/2RQR1K1 b - - 0 1,
521SBP,Hard,,r4rk1/2q1bppp/p2p1n2/1p2pP2/2b1P3/P1N2B2/1PP3PP/R1B1QR1K w - - 0 1,
522SBP,Hard,,r4rk1/2q1bppp/p2p1n2/1p2pP2/2b1P3/P1N2B2/1PP3PP/R1B1QR1K w - - 0 1,
523SBP,Hard,,1rb2rk1/ppR1pp1p/5bp1/8/1P6/q2PBBP1/2Q1PP1P/2R3K1 w - - 0 1,
524SBP,Hard,,r3k2r/1bpnqppp/pp6/3p3n/3P4/P1N2NP1/1P2PPBP/R2QK2R w KQkq - 0 1,
525SBP,Hard,,1r5r/p1pk2pp/3pb3/2p1Pp2/5P2/1P1B4/P1PK2PP/4RR2 w - - 0 1,
526SBP,Hard,,1r5r/p1pk1ppp/3pb3/2p1P3/5P2/1P1B4/P1PK2PP/4RR2 b - - 0 1,
527SBP,Hard,,2r1kb1r/1b1n1ppp/pq1ppn2/1p4B1/3NPP1P/P1N4R/1PP1Q1P1/2KR1B2 b k - 0 1,
528SBP,Hard,,2r1kb1r/1b1n1ppp/pq1ppn2/1p4B1/3NPP1P/P1N4R/1PP1Q1P1/2KR1B2 b k - 0 1,
529SBP,Hard,,2r1kb1r/1b1n1ppp/pq1ppn2/1p4B1/3NPP1P/P1N4R/1PP1Q1P1/2KR1B2 b k - 0 1,
530SBP,Hard,,2r1kb1r/1b1n1ppp/pq1ppn2/1p4B1/3NPP1P/P1N4R/1PP1Q1P1/2KR1B2 b k - 0 1,
531SBP,Hard,,4kb1r/1b1n1ppp/pq1ppn2/1p4B1/2rNPP1P/P1N4R/1PP1Q1P1/2KR1B2 w k - 0 1,
532SBP,Hard,,r2r2k1/1b2qpp1/p1p1nb1p/Pp1p4/3P4/2N1PN2/QP1R1PPP/2R2BK1 b - - 0 1,
533SBP,Hard,,r3k2r/ppqnbpp1/5np1/2p5/3PP3/1QN5/PP1B2PP/2KR1B1R w kq - 0 1,
534SBP,Hard,,r3k2r/ppqnbpp1/2p2np1/8/3PP3/1QN5/PP1B2PP/2KR1B1R b kq - 0 1,
535SBP,Hard,,r2q1rk1/ppp1ppbp/1nn3p1/8/3P2b1/BPN1PNP1/P3QPBP/R3K2R b KQ - 0 1,
536SBP,Hard,,r2r1bk1/2q2p1p/1p1pp1p1/pB1nP3/P4P2/2P2R2/1P1BQ1PP/4R2K w - - 0 1,
537SBP,Hard,,2rqkb1r/1b3pp1/p2ppn1p/1p2n3/3NP1P1/P1N1BP2/1PPQ3P/1K1R1B1R b k - 0 1,
538SBP,Hard,,2rqkb1r/1b3pp1/p2ppn1p/1p2n1B1/3NP1P1/P1N2P2/1PPQ3P/1K1R1B1R w k - 0 1,
539SBP,Hard,,r2q1rk1/1p1bb2p/n3pp2/n7/pNPp1BPN/P2P4/1P4BP/1R1QR1K1 w - - 0 1,
540SBP,Hard,,r2qnrk1/1p2b1pp/2ppp3/p1n5/P1NQP3/2N3BP/1PP2PP1/R3R1K1 w - - 0 1,
541SBP,Hard,,r2q1rk1/pp2pp1p/4b1pb/n3B3/3Pn3/N4NP1/PQ2PPBP/R2R2K1 w - - 0 1,
542SBP,Hard,,r3k2r/1bqnbpp1/pp1ppn1p/8/2P4B/2N1PN1P/PPQ1BPP1/R4RK1 b kq - 0 1,
543SBP,Hard,,r4rk1/pp1qb2p/1np1b1p1/3P1p2/4PN2/1P2B3/P2QB1PP/R3K2R b KQ - 0 1,
544SBP,Hard,,r4rk1/pp1qb2p/1np1b1p1/3P1p2/4PN2/1P2B3/P2QB1PP/R3K2R b KQ - 0 1,
545SBP,Hard,,r2qr1k1/2p2nbp/1p4p1/1NpPpb2/p1P5/3B4/PPQ2PPP/2NRR1K1 b - - 0 1,
546SBP,Hard,,2b1r2r/p1pp1k2/2pbnPp1/q6p/2P5/PP4PQ/1BKNBP1P/R2R4 w - - 0 1,
547SBP,Hard,,4r2r/p1pp1k2/b1pbnPp1/q6p/2P5/PP4PQ/1BKNBP1P/R2R4 b - - 0 1,
548SBP,Hard,,q4rk1/p4ppp/8/4p3/1bp1n3/2Nb1NP1/PP1B1P1P/R2QK1R1 b Q - 0 1,
549SBP,Hard,,q4rk1/p4ppp/8/4p3/1bp1n3/2Nb1NP1/PP1B1P1P/R2QK1R1 b Q - 0 1,
550SBP,Hard,,5qrk/p2bb2p/2p1p3/2Pp1p2/3P1P2/P1N1P3/2QKB2P/1R6 b - - 0 1,
551SBP,Hard,,r3r1k1/p1qn1pbp/2p1pnpP/1p6/2PP4/1PB2QN1/P4PP1/1B1RR1K1 b - - 0 1,
552SBP,Hard,,r3r1k1/p1qn1pbp/2p1pnp1/1p5P/2PP4/1PB2QN1/P4PP1/1B1RR1K1 w - - 0 1,
553SBP,Hard,,2rq1rk1/pb1nbppp/1p6/3P4/Q2p1B2/6P1/PP1N1PBP/R4RK1 b - - 0 1,
554SBP,Hard,,2rq1rk1/pb1nbppp/1p6/3P4/3p1B2/6P1/PPQN1PBP/R4RK1 w - - 0 1,
555SBP,Hard,,r2q1rk1/3nbppp/p3pn2/1pp5/3PbB2/2N2NP1/PP2PPBP/R1Q2RK1 b - - 0 1,
556SBP,Hard,,r2q1rk1/3nbppp/p3pn2/1pp5/3PbB2/5NP1/PP2PPBP/RNQ2RK1 w - - 0 1,
557SBP,Hard,,2kr3r/ppq3pp/1np1p1n1/Q3pb2/2pP4/P4NB1/1P2BPPP/R3R1K1 b - - 0 1,
558SBP,Hard,,2kr3r/ppq3pp/1np1p1n1/4pb2/2pP4/P4NB1/1P1QBPPP/R3R1K1 w - - 0 1,
559SBP,Hard,,r2qr1k1/p2b2pp/2pB1p2/2Q3b1/3N4/8/PPP2PPP/R4K1R b - - 0 1,
560SBP,Hard,,r4rk1/p2n2pp/4p3/1pb1P3/3NpPPq/1P2P3/PB6/R2Q1RK1 w - - 0 1,
561SBP,Hard,,r4rk1/p2n2pp/4p3/1pbpP3/3NBPPq/1P2P3/PB6/R2Q1RK1 b - - 0 1,
562SBP,Hard,,r4rk1/4b1pp/p1q1p3/1p1b2P1/2p1pPB1/4B1Q1/PPP4P/3R1R1K w - - 0 1,
563SBP,Hard,,r4rk1/3qb1pp/p3p3/1p1b2P1/2p1pPB1/4B1Q1/PPP4P/3R1R1K b - - 0 1,
564SBP,Hard,,rn1q1rk1/p3ppbp/2b2np1/2p5/4P2Q/2N2N2/PP2BPPP/R1B1K2R b KQ - 0 1,
565SBP,Hard,,rn1q1rk1/p3ppbp/2b2np1/2p5/4P2Q/2N2N2/PP3PPP/R1B1KB1R w KQ - 0 1,
566SBP,Hard,,rn2k1nr/pp1bp2p/3p2p1/q1pP4/2P1p3/1QP5/P2N1PPP/R1B1KB1R b KQkq - 0 1,
567SBP,Hard,,2rr2k1/pb2qp1p/1p2nbp1/2pp4/PP1P4/2N1PN2/Q4PPP/1R1R1BK1 w - - 0 1,
568SBP,Hard,,2rr2k1/pb2qp1p/1pp1nbp1/3p4/PP1P4/2N1PN2/Q4PPP/1R1R1BK1 b - - 0 1,
569SBP,Hard,,2rr2k1/pb2qp1p/1p2nbp1/2pp4/PP1P4/2N1PN2/Q4PPP/1R1R1BK1 w - - 0 1,
570SBP,Hard,,2bqr1k1/5pb1/p2p2p1/3r4/P4PP1/2p1B2Q/2R2N2/3NK2R w K - 0 1,
571SBP,Hard,,2bqr1k1/5pb1/p2p2p1/3r4/P4PP1/2p1B2Q/2R2N2/3NK2R w K - 0 1,
572SBP,Hard,,2bqr1k1/5pb1/p2p2p1/3r4/P4PP1/2p1B2Q/2R2N2/3NK2R w K - 0 1,
573SBP,Hard,,2rrn1k1/2q2ppp/pp2pb2/n1p2P2/2P5/2NPP1P1/P3Q1NP/BR1R2K1 b - - 0 1,
574SBP,Hard,,2rrn1k1/2q2ppp/pp2pb2/n1p5/2P2P2/2NPP1P1/P3Q1NP/BR1R2K1 w - - 0 1,
575SBP,Hard,,r2r2k1/pp3ppp/1n1b1n2/q1p1pP2/4P3/P1NBB2P/1PP1Q1P1/R4RK1 b - - 0 1,
576SBP,Hard,,r2r2k1/pp3ppp/1n1b1n2/q1p1pP2/4P3/2NBB2P/PPP1Q1P1/R4RK1 w - - 0 1,
577SBP,Hard,,r4rk1/p3qpb1/1p1p2pp/3Pp1n1/PRP1P2N/2N1BPPb/2Q4P/1R4K1 b - - 0 1,
578SBP,Hard,,r1br2k1/2B1qpp1/p3pn1p/1p6/3P4/3B2PP/PPQ2P2/R3R1K1 b - - 0 1,
579SBP,Hard,,r1br2k1/4qpp1/p3pn1p/1p6/3P1B2/3B2PP/PPQ2P2/R3R1K1 w - - 0 1,
580SBP,Hard,,q4rk1/1ppb1pb1/3p1npp/1P1Pp3/N1P1P3/4B2P/n3BPP1/N2Q1RK1 b - - 0 1,
581SBP,Hard,,q4rk1/1ppb1pb1/3p1npp/1P1Pp3/2P1P3/2N1B2P/n3BPP1/N2Q1RK1 w - - 0 1,
582SBP,Hard,,q4rk1/1ppb1pb1/3p1npp/1P1Pp3/N1P1P3/4B2P/n3BPP1/N2Q1RK1 b - - 0 1,
583SBP,Hard,,r1b2r2/pp3pkp/3q1np1/2pPp3/4P3/2QB4/PP3PPP/2R1K1NR b K - 0 1,
584SBP,Hard,,r1b2r2/pp3pkp/3q1np1/2pPp3/4P3/2QB4/PP3PPP/2R1K1NR b K - 0 1,
