FEN,Moves,Moves_UCI
1r3rk1/p1n2ppp/b7/P1p1P3/1pNbN3/1P4PB/5P1P/2RR2K1 w - - 0 1,Ncd6,c4d6
5rk1/4qpbp/1p2r1p1/pNp1n3/2Pp2P1/3P3P/PP1BPRQ1/5RK1 b - - 0 1,g5,g6g5
8/1prr1pkp/4nRp1/2qB2P1/pp2P1PP/P5Q1/1P6/1K3R2 w - - 0 1,axb4,a3b4
r4r1k/p1pb4/1p1p3p/3Pq3/2P2p2/3pBN2/PPQ2P1P/6RK w - - 0 1,Qxd3,c2d3
2k4r/2p2rpp/3b1n2/Npp1p1B1/4P3/3R1P2/PP3P1P/3R2K1 w - - 0 1,Rb3,d3b3
3r1rk1/b2qnpp1/p1pp3p/4p3/P1P1P3/BN4P1/4PPKP/1R1Q1R2 b - - 0 1,c5,c6c5
r2qnrk1/1pp1bppp/p7/3Pp1B1/4P3/P1N2Q2/1P3PPP/2RR2K1 w - - 0 1,Bxe7,g5e7
r1q4k/1p3rp1/2pnbp1p/2N5/PR1Pp1P1/4P2P/1Q3PB1/3R2K1 w - - 0 1,Nxe6,c5e6
rr6/3nnpk1/2q1b1pp/p1ppP3/PpP2Q1P/5N2/1PBN1PP1/R3R1K1 b - - 0 1,b3,b4b3
2rq1rk1/3nbp1p/p1b1p3/1pp2p2/2PP4/1P3NP1/P2NQPBP/3R1RK1 w - - 0 1,d5,d4d5
3q1r1k/4nnbp/pr1p2p1/2pP4/R3NPP1/7P/1P6/3QRBBK w - - 0 1,b4,b2b4
br2rbk1/2qn1ppp/2pp4/p7/1pP1P3/1B1NBP2/PPQ3PP/3RR1K1 w - - 0 1,c5,c4c5
r1bqk2r/1p3pbp/p1nppnp1/8/2P1P3/1NNB4/PP3PPP/R1BQ1RK1 w kq - 0 1,Be2,d3e2
r3r3/2nq1pbk/p2p2pp/2pP4/Pp2PP2/6B1/1P1Q2PP/3NRRK1 b - - 0 1,f5,f7f5
2rq1rk1/5ppp/1p2p3/1PnbP3/p1RN3b/P3B2P/4BPP1/3Q1RK1 w - - 0 1,Nc6,d4c6
2r3k1/2q1bpp1/2n1p1n1/1p1rP2p/3pQ2P/3N1N2/PP1B1PP1/2R1R1K1 w - - 0 1,g4,g2g4
1n3rk1/1bq1npbp/1p4p1/2p1p3/1PPp4/1Q1PPNP1/1B1N1PBP/R5K1 b - - 0 1,dxe3,d4e3
1r1r2k1/1b1nqpb1/1pp1p1pp/p7/N2P4/PQ2PN2/1P2BPPP/2RR2K1 b - - 0 1,c5,c6c5
r1bqr1k1/1p4bp/2pp2p1/p1n1pp1n/2P1P3/1PNPB1PP/P2QNPB1/R4RK1 w - - 0 1,exf5,e4f5
1nbq1rk1/1pp2ppp/3p1n2/4p3/1PP5/2Q2NP1/3PPP1P/B3KB1R b K - 0 1,b5,b7b5
3r4/p4pk1/1p2bqpp/2p5/2Pp2PP/PP1Q1P2/8/1K2R2R b - - 0 1,h5,h6h5
rq3rk1/1b1nbppp/ppnpp3/8/2P1PP2/1NN1BB2/PP2Q1PP/2RR2K1 w - - 0 1,Na4,c3a4
r1q1kb1r/5ppp/1pbppn2/p7/PPP1P3/6P1/3N1PBP/R1BQ1RK1 w kq - 0 1,c5,c4c5
r4rk1/pb3pp1/1pp1pn1p/8/2PP3Q/qP1B1N2/P4PPP/R3R1K1 w - - 0 1,g4,g2g4
r1bqk2r/p1pnn1b1/1p1pp2p/5pp1/2PPP3/P1N1BN2/1P2BPPP/2RQ1RK1 w kq - 0 1,c5,c4c5
r1b2rk1/1pqn1ppp/p3pn2/3p4/1bPN4/1PN3P1/P1Q1PPBP/R1BR2K1 w - - 0 1,Na4,c3a4
2r3k1/5pp1/p2q2bp/1p1p4/3Nn3/N1P1R3/PP3PPP/4Q1K1 b - - 0 1,b4,b5b4
1rq1r1k1/R3b1pp/1npppn2/1p2p1N1/1P1PP3/2NQB2P/2P2PP1/4R1K1 w - - 0 1,d5,d4d5
4rrk1/p2bq3/2pp2p1/5n1p/2P1N3/2P3P1/P2Q2BP/4RRK1 w - - 0 1,h3,h2h3
r4rk1/pb3pb1/1pppqnpp/4n3/2P4B/P1N1PN2/1PQ1BPPP/3R1RK1 w - - 0 1,Nxe5,f3e5
r3kn1r/1bp1qp2/pp1b1n1p/3Pp1p1/P1B5/2N1PNB1/1P2QPPP/R4RK1 w kq - 0 1,a5,a4a5
rnbq1rk1/p3ppbp/1pp3p1/2Pp4/N2P1P2/3BP2P/PPQ3P1/2R1K1NR b K - 0 1,e5,e7e5
3r2k1/1pqnbbpp/2p2p2/2N1p3/1P2P3/2QPB1P1/r4PBP/1R3RK1 b - - 0 1,b5,b7b5
4rrk1/pb1nq1pp/1p1bp3/2p2pN1/2PP4/1P2Q3/PB2BPPP/4RRK1 w - - 0 1,Bh5,e2h5
r2qnrn1/pp3pbk/3p2p1/2pPp2p/2P1P2N/5PPb/PPQBB2P/R2NR1K1 w - - 0 1,Nf5,h4f5
2rq1rk1/4b1pp/p1b1pp2/1pnp4/4PB1P/5PN1/PPPQB1P1/1K1R3R w - - 0 1,Nf5,g3f5
rn1qk2r/1p2bppp/p1n1p3/3bP3/3N1B2/3B1N2/PP3PPP/R2Q1RK1 b kq - 0 1,g5,g7g5
1r1qk2r/3b1p1p/Q2p2p1/2p1p3/2P1P3/2P1PN2/P4KPP/RR6 b k - 0 1,Ke7,e8e7
r2qr1k1/1p1b1p1p/p1n1pbp1/2Pp4/1P1B1P2/P1P2N2/3QB1PP/2R2RK1 w - - 0 1,Bxf6,d4f6
r4rk1/pp4pp/2p3b1/3pR2n/3P4/5P1B/PPP1N2P/2K3R1 b - - 0 1,Rxf3,f8f3
2r3k1/1r2bpp1/1Bnp2qp/1p2p3/4P3/PP1Q3P/2N2PP1/2RR2K1 w - - 0 1,Nb4,c2b4
1n1r1rk1/1pq1bppp/3p1n2/pB1Pp3/8/PN2BP2/1PP1Q1PP/1K1R3R w - - 0 1,Qc4,e2c4
1rbr2k1/p3qpb1/1pp1pnpp/2N5/3P4/1B2PN2/PPQ2PPP/2RR2K1 w - - 0 1,Ne5,f3e5
r3rbk1/1nqb1p2/p2p1np1/2pPp3/NpP1P1P1/1P6/P1BB1P1N/R2QR1K1 b - - 0 1,Be7,f8e7
7k/1r2p1b1/p1q4p/4p1p1/P1n1N1P1/2P1P1BP/5P1K/RQ6 w - - 0 1,Qh1,b1h1
r5k1/pbr1qpp1/1pp1p2p/4N3/1bPPpP2/1P2P2Q/PB4PP/R4RK1 w - - 0 1,c5,c4c5
5rk1/1p1bqppp/2p1p2n/4P3/2P1B3/1PQ5/5P1P/B2R2K1 b - - 0 1,c5,c6c5
2r3k1/p2q1pp1/1pn1p2r/1R1pPn1p/P4Q2/2PP1N1P/3B1PP1/1R4K1 w - - 0 1,a5,a4a5
r2q1r2/1b2bpk1/p2p1n1p/3Npp2/1p2P3/3Q4/PPPB1NPP/R4R1K w - - 0 1,Ne3,d5e3
r2qk2r/pp3pbp/1np1pnp1/8/P2P1P2/3Q2N1/1PP1N1PP/R1B2RK1 w kq - 0 1,f5,f4f5
r1b2rk1/p4pp1/2p4p/n3p1b1/8/3P1PN1/PP1P1P1P/RNB1R1K1 b - - 0 1,c5,c6c5
1rq2rk1/3b1pbp/n2p2p1/1p1Pp2n/4P3/P1N1B2P/2QNBPP1/RR4K1 w - - 0 1,Ra2,a1a2
3r1rk1/pp3ppp/2p2qb1/3nN3/3P4/1B2R3/PP1Q1PPP/4R1K1 w - - 0 1,Bxd5,b3d5
4rrk1/4qpp1/p2b1n1p/1pnPp3/7P/2N1B2Q/PPB2PP1/2RR2K1 w - - 0 1,Ne2,c3e2
4rrk1/1p1q1ppn/p1pp3p/4p1b1/PP1PP3/1R2BQNP/2P2PP1/4R1K1 b - - 0 1,f5,f7f5
r1bq1rk1/1p4p1/2n4p/p2pp3/7P/1BP3Q1/PP3PP1/R1B1K2R b KQ - 0 1,Rf6,f8f6
r2r2k1/p1p1ppbp/bn2q1p1/2p1P3/3P1N2/1PN1B3/P1Q2PPP/2R1K2R b K - 0 1,Qd7,e6d7
1r3rk1/1ppnb1n1/p2p2q1/3Pp1pp/PPP1Pp2/2N2P1P/3BQ1PN/1R1R2K1 b - - 0 1,Ne8,g7e8
3q2k1/1r1p1pp1/1p2p2p/nPb1N3/4PB2/P2Q2P1/5P1P/2R3K1 w - - 0 1,Nc6,e5c6
r2q1rk1/1b1nbpp1/pp3n1p/3p4/2pP1N2/2N1P1B1/PP3PPP/1BRQ1RK1 b - - 0 1,Re8,f8e8
4rrk1/1pq1bppp/p1p1pnn1/4N1B1/2PP3P/2N3P1/PP1RQP2/R5K1 w - - 0 1,h5,h4h5
6rk/6pp/pp6/2bp1pQ1/4q3/1P2P2P/PB3PP1/2R3K1 w - - 0 1,h4,h3h4
2brrn1k/1p4pp/p1pq1p2/PnNp4/1P1P4/1N1BPP1P/2Q3P1/4RRK1 w - - 0 1,f4,f3f4
r1b1rnk1/1pq2pbp/2p3p1/2P1p3/N3P3/2BP4/2Q2PPP/RR1B2K1 w - - 0 1,Nb6,a4b6
2r1rbk1/1b1qnpp1/p2p3p/1p1Pp3/6P1/PBP3N1/1P3PP1/R1BQR1K1 w - - 0 1,a4,a3a4
1rb3k1/2q2p1p/p2p4/2pPn1p1/2rbP3/R3BP1P/NP2Q1P1/1R1N2K1 w - - 0 1,Kh1,g1h1
2rr4/Q1n1nqbk/2p3pp/3pp3/2P1B3/B1N5/P4PPP/2RR2K1 w - - 0 1,Qb7,a7b7
r3r1k1/2b2q2/2b1p1pp/pp1p4/2nB1PB1/P1NQ2P1/1PP4P/1K1RR3 w - - 0 1,Re2,e1e2
r1r3k1/pp1nppbp/3pb1p1/8/N1PBP3/5P2/PP2B1PP/2R2RK1 w - - 0 1,Bxg7,d4g7
2r1k2r/2q2ppp/4pb2/R7/1pP5/5QP1/1PP2PKP/2B2R2 w k - 0 1,Ra4,a5a4
2rr2k1/1pq1bppp/p2p1n2/P2Pp3/4n3/4B3/1PPQBPPP/R1NR2K1 w - - 0 1,Qe1,d2e1
bqr3k1/r1pnbppp/p3pn2/B7/1p1P4/1N2QNP1/PP2PPBP/R1R3K1 w - - 0 1,Rc2,c1c2
r4rk1/p4qb1/1np2npp/2N1p3/4Pp2/B4B2/P4PPP/R2QR1K1 w - - 0 1,Qc1,d1c1
r1bqk1nr/1p3p1p/6p1/pNbBp3/3p4/PQ4P1/1P2PP1P/R1B1K2R b KQkq - 0 1,Kf8,e8f8
2br1k2/p4p2/2Prn2p/6p1/6P1/q2BR3/4NPP1/1Q1R1K2 w - - 0 1,Kg1,f1g1
2rr2k1/1p1nbppp/p2p4/q2Bn1P1/5B2/2N5/PPP2Q1P/1K1R3R w - - 0 1,Bxe5,f4e5
1k3rr1/1p3ppp/pn6/3pPR2/2pP4/n1P2RP1/2PB2NP/6K1 w - - 0 1,e6,e5e6
3r1rk1/1bq2pbp/p3p1p1/1ppnP1N1/3P4/2PB2B1/P3QPPP/2R2RK1 b - - 0 1,Bh6,g7h6
1r1q1rk1/4ppbp/b2p2p1/p1n5/1p2P3/1P1PN1P1/R1PBQPBP/5RK1 w - - 0 1,Rd1,f1d1
r4rk1/6b1/p1bppp2/1p2q2p/4P3/3B4/PPP1NQPP/1K1R1R2 w - - 0 1,c3,c2c3
5rk1/p1r3pp/5q2/1p1R1p2/2P1p3/1P1n1PP1/P3Q1BP/3R2K1 w - - 0 1,Rf1,d1f1
2r3k1/6b1/1p1p2qp/3Pp1p1/2P1p3/3nB1P1/P2QB2P/R5K1 w - - 0 1,a4,a2a4
r5k1/ppq3pp/5p2/n2p4/P1pPr1P1/B1P1P3/6PP/R2Q1RK1 w - - 0 1,g5,g4g5
r1b1nrk1/3pbppp/p1q1p3/1p4P1/4P3/P3BP2/1PPQN2P/2KR1B1R b - - 0 1,b4,b5b4
r2qkb1r/pppbp1pp/1n3p2/3P2B1/1Q2P3/2N2N2/PP3PPP/2KR3R w kq - 0 1,e5,e4e5
rn1r4/pp2kp2/2p2bp1/5b1p/2BP4/2N2N1P/PP3PP1/2KR3R w - - 0 1,g4,g2g4
r2q1r2/1p1b2bk/2nP2pp/3Q1p2/p1B5/4B3/PP2NPPP/R4RK1 b - - 0 1,b5,b7b5
2r1q1k1/pb3ppp/1p2p1n1/3nP3/3NBP2/P4Q2/1P2N1PP/4R1K1 w - - 0 1,f5,f4f5
2r2rk1/1pqbbppp/p2p1n2/P3p3/NnB1P3/4B3/1PPN1PPP/RQ2R1K1 b - - 0 1,d5,d6d5
r1b2rk1/1p4pp/2nq4/p1b1pp2/2P5/PP4P1/1B1PBP1P/R2QNRK1 b - - 0 1,f4,f5f4
r1b2rk1/1p4pp/3q4/p1b1pp2/2Pn4/PP4P1/1B1PBP1P/R2QNRK1 w - - 0 1,b4,b3b4
r2r2k1/ppR2p1p/5Qp1/3b3P/3PB3/8/4qPP1/3R2K1 w - - 0 1,f3,f2f3
r2r2k1/p3qppp/2p5/8/4n1b1/5N2/PP1B1PPP/2RQR1K1 w - - 0 1,Qc2,d1c2
r4rk1/2q1bppp/p2p1n2/1p2pP2/2b1P3/P1N2B2/1PP3PP/R1B1QR1K w - - 0 1,Rg1,f1g1
1rb2rk1/ppR1pp1p/5bp1/8/1P6/q2PBBP1/2Q1PP1P/2R3K1 w - - 0 1,Bh6,e3h6
r3k2r/1bpnqppp/pp6/3p3n/3P4/P1N2NP1/1P2PPBP/R2QK2R w KQkq - 0 1,Nh4,f3h4
2r1kb1r/1b1n1ppp/pq1ppn2/1p4B1/3NPP1P/P1N4R/1PP1Q1P1/2KR1B2 b k - 0 1,Rc4,c8c4
r2r2k1/1b2qpp1/p1p1nb1p/Pp1p4/3P4/2N1PN2/QP1R1PPP/2R2BK1 b - - 0 1,c5,c6c5
r3k2r/ppqnbpp1/5np1/2p5/3PP3/1QN5/PP1B2PP/2KR1B1R w kq - 0 1,Bc4,f1c4
r2q1rk1/ppp1ppbp/1nn3p1/8/3P2b1/BPN1PNP1/P3QPBP/R3K2R b KQ - 0 1,e5,e7e5
r2r1bk1/2q2p1p/1p1pp1p1/pB1nP3/P4P2/2P2R2/1P1BQ1PP/4R2K w - - 0 1,f5,f4f5
2rqkb1r/1b3pp1/p2ppn1p/1p2n3/3NP1P1/P1N1BP2/1PPQ3P/1K1R1B1R b k - 0 1,Nxf3,e5f3
r2q1rk1/1p1bb2p/n3pp2/n7/pNPp1BPN/P2P4/1P4BP/1R1QR1K1 w - - 0 1,Nd5,b4d5
r2qnrk1/1p2b1pp/2ppp3/p1n5/P1NQP3/2N3BP/1PP2PP1/R3R1K1 w - - 0 1,Rad1,a1d1
r2q1rk1/pp2pp1p/4b1pb/n3B3/3Pn3/N4NP1/PQ2PPBP/R2R2K1 w - - 0 1,d5,d4d5
r3k2r/1bqnbpp1/pp1ppn1p/8/2P4B/2N1PN1P/PPQ1BPP1/R4RK1 b kq - 0 1,g5,g7g5
r4rk1/pp1qb2p/1np1b1p1/3P1p2/4PN2/1P2B3/P2QB1PP/R3K2R b KQ - 0 1,Bf7,e6f7
r2qr1k1/2p2nbp/1p4p1/1NpPpb2/p1P5/3B4/PPQ2PPP/2NRR1K1 b - - 0 1,e4,e5e4
2b1r2r/p1pp1k2/2pbnPp1/q6p/2P5/PP4PQ/1BKNBP1P/R2R4 w - - 0 1,c5,c4c5
q4rk1/p4ppp/8/4p3/1bp1n3/2Nb1NP1/PP1B1P1P/R2QK1R1 b Q - 0 1,Rb8,f8b8
5qrk/p2bb2p/2p1p3/2Pp1p2/3P1P2/P1N1P3/2QKB2P/1R6 b - - 0 1,e5,e6e5
r3r1k1/p1qn1pbp/2p1pnpP/1p6/2PP4/1PB2QN1/P4PP1/1B1RR1K1 b - - 0 1,Bxh6,g7h6
2rq1rk1/pb1nbppp/1p6/3P4/Q2p1B2/6P1/PP1N1PBP/R4RK1 b - - 0 1,Nc5,d7c5
r2q1rk1/3nbppp/p3pn2/1pp5/3PbB2/2N2NP1/PP2PPBP/R1Q2RK1 b - - 0 1,Bxf3,e4f3
2kr3r/ppq3pp/1np1p1n1/Q3pb2/2pP4/P4NB1/1P2BPPP/R3R1K1 b - - 0 1,Rd5,d8d5
r2qr1k1/p2b2pp/2pB1p2/2Q3b1/3N4/8/PPP2PPP/R4K1R b - - 0 1,Qb6,d8b6
r4rk1/p2n2pp/4p3/1pb1P3/3NpPPq/1P2P3/PB6/R2Q1RK1 w - - 0 1,Qe2,d1e2
r4rk1/4b1pp/p1q1p3/1p1b2P1/2p1pPB1/4B1Q1/PPP4P/3R1R1K w - - 0 1,Qh3,g3h3
rn1q1rk1/p3ppbp/2b2np1/2p5/4P2Q/2N2N2/PP2BPPP/R1B1K2R b KQ - 0 1,e6,e7e6
rn2k1nr/pp1bp2p/3p2p1/q1pP4/2P1p3/1QP5/P2N1PPP/R1B1KB1R b KQkq - 0 1,Nf6,g8f6
2rr2k1/pb2qp1p/1p2nbp1/2pp4/PP1P4/2N1PN2/Q4PPP/1R1R1BK1 w - - 0 1,bxc5,b4c5
2bqr1k1/5pb1/p2p2p1/3r4/P4PP1/2p1B2Q/2R2N2/3NK2R w K - 0 1,Nxc3,d1c3
2rrn1k1/2q2ppp/pp2pb2/n1p2P2/2P5/2NPP1P1/P3Q1NP/BR1R2K1 b - - 0 1,exf5,e6f5
r2r2k1/pp3ppp/1n1b1n2/q1p1pP2/4P3/P1NBB2P/1PP1Q1P1/R4RK1 b - - 0 1,c4,c5c4
r4rk1/p3qpb1/1p1p2pp/3Pp1n1/PRP1P2N/2N1BPPb/2Q4P/1R4K1 b - - 0 1,f5,f7f5
q4rk1/1ppb1pb1/3p1npp/1P1Pp3/N1P1P3/4B2P/n3BPP1/N2Q1RK1 b - - 0 1,Nxe4,f6e4
r1b2r2/pp3pkp/3q1np1/2pPp3/4P3/2QB4/PP3PPP/2R1K1NR b K - 0 1,c4,c5c4
r1q1kb1r/1b3ppp/1p1ppn2/pP6/P1P1P3/6P1/3N1PBP/R1BQ1RK1 w kq - 0 1,c5,c4c5
r6k/1p3rp1/2pnqp1p/8/PR1Pp1P1/4P2P/1Q3PB1/3R2K1 w - - 0 1,d5,d4d5
r3nrk1/1pp1qppp/p7/3Pp3/4P3/P1N2Q2/1P3PPP/2RR2K1 w - - 0 1,d6,d5d6
1r5r/p1pk2pp/3pb3/2p1Pp2/5P2/1P1B4/P1PK2PP/4RR2 w - f6 0 1,exd6,e5d6
3r2k1/p4pbp/b3p3/npqpP1pP/8/2P3P1/P3QPBN/R3R1K1 w - - 0 1,h6,h5h6
r1bq1r1k/1p3pp1/2p1p2p/p1P5/PbQP4/6P1/1P3PBP/RNR3K1 b - - 0 1,e5,e6e5
2k5/p2r3p/2p1b1n1/2p2p1N/2P2P2/2R4P/P2B1KP1/8 w - - 0 1,Be3,d2e3
5r2/1r1n1qbk/RN4pp/2p1p3/2P5/1RBP2P1/1Q2PP2/6K1 w - - 0 1,f3,f2f3
2r3k1/5pp1/r2ppn1p/p6q/Pp1NP3/1P2RP2/2PQ2PP/1K1R4 w - - 0 1,g4,g2g4
1rbqr1k1/R4p2/3p1bp1/1p1Pp3/2p1B3/2P2N1P/1P1Q1PP1/R5K1 w - - 0 1,h4,h3h4
r3k1nr/1pp3pp/p2bbp2/2p5/4P3/2N1BN2/PPP2PPP/2KR3R w kq - 0 1,e5,e4e5
2b3k1/2q4p/p2p2p1/P1p2n2/2Pb2Q1/8/R2BrNPP/5RK1 b - - 0 1,Qc6,c7c6
1q3rk1/p1r3pp/3R4/2n5/4B3/6P1/P3Q2P/3R2K1 w - - 0 1,Bc2,e4c2
rn1qk2r/pp3pp1/2p1pnp1/8/Pb1P2P1/2N1P2P/1P3P2/R1BQKB1R b KQkq - 0 1,Qd5,d8d5
r5k1/3q1bpp/3p4/p2p1r2/1p6/1P3NRP/PP3PPK/3Q1R2 w - - 0 1,Qd4,d1d4
r2r1nk1/pp3qpp/2p1pp2/8/3P1P1P/5QPB/PPP5/2KRR3 w - - 0 1,Bf1,h3f1
r4rk1/p1nq1pp1/1p1pp2p/8/P2PR3/1QP2N2/1P3PPP/R5K1 b - - 0 1,Rfb8,f8b8
r4rk1/1pp3b1/n2p2pp/p2P1q2/2P2p2/P1N2N1P/1P1Q1PP1/1R3RK1 w - - 0 1,Nb5,c3b5
3r2k1/1p2q1pp/pQp2p2/4p1n1/1PN1P3/2P3PP/1P3PK1/4R3 b - - 0 1,Qd7,e7d7
r2qr1k1/p1p2ppp/1p3b2/2nPp3/7P/2P1QNN1/PP3PP1/2KR3R w - - 0 1,Ne4,g3e4
1r2k2r/5p2/1qp1b1p1/3p2R1/6P1/1P4Q1/P5BP/1K1R4 w k - 0 1,h4,h2h4
r2qk2r/1bpnnpb1/p2pp1pp/1p6/3PPP2/P1N1BN2/1PPQB1PP/R4R1K b kq - 0 1,f5,f7f5
2rq1rk1/1bp1bppp/4p3/pp1nN3/1P1P4/P3P1P1/2QN1PBP/R4RK1 w - - 0 1,Nb3,d2b3
4r1k1/1p3p1p/1r1ppQp1/p1q1P3/P1P5/1P2R1PP/5P2/3R2K1 w - - 0 1,h4,h3h4
1qrr1bk1/1b2nppp/p2p1n2/1p1Pp3/1P2P3/P4N1P/1BBN1PP1/2RQR1K1 w - - 0 1,Nb3,d2b3
3r2k1/2q1npb1/rpp3pp/2p1p3/P3P3/1PQPBN2/5PPP/R3R1K1 w - - 0 1,a5,a4a5
r2qr1k1/pp1b1ppp/2n2b2/3p4/3N4/2R1B1P1/PP2PPBP/3Q1RK1 w - - 0 1,Rc5,c3c5
5rk1/pb2q1pp/1r1bpn2/2ppNp2/2P5/PP2P1P1/1BQ2PBP/2R2RK1 b - - 0 1,d4,d5d4
2kr2r1/ppq1np1p/2p1pn1P/1P4p1/P1PP4/3N2NQ/5PP1/R3R1K1 w - - 0 1,d5,d4d5
3q2k1/b2r1ppp/p1n5/1p1p4/3Pr3/1Q1NP1P1/PP1B1R1P/5R1K w - - 0 1,a4,a2a4
1k1rr3/1pp1qpb1/p2pbn1p/6p1/3BP3/1PN2P2/1PP1NQPP/1K1RR3 w - - 0 1,e5,e4e5
r2q1rk1/p1pn1pp1/1p2pn1p/7b/Q1BP3B/P1N1P1R1/1P3P1P/R3K3 w Q - 0 1,Bb5,c4b5
r3k2r/pp3pp1/2b1p3/3pP2n/3P3P/3B1N2/PP1K1P2/2R3R1 w kq - 0 1,b4,b2b4
r2qr1k1/pp1b1pbp/n4np1/2pP4/2Q4N/2N1B3/PP2BPPP/R2R2K1 b - - 0 1,b5,b7b5
r1b1k2r/p2qbppp/1pp5/1P1pPp2/Pn1P4/2N2N2/2P2PPP/1RBQ1RK1 w kq - 0 1,e6,e5e6
r2qr1k1/1p2bppp/p1p1bn2/2Pp4/1P1P1B2/2NB4/P1Q2PPP/R4RK1 w - - 0 1,Na4,c3a4
r1b2rk1/p4pbp/1p1q2p1/nB1Pp3/4P2P/2R1B3/P3NPP1/3Q1K1R w - - 0 1,Bc1,e3c1
5rk1/5ppp/p1pb1r2/1p3q2/3P4/1PP3P1/P3QB1P/3RR1K1 b - - 0 1,h5,h7h5
2rq1rk1/1b1n1pb1/pp1ppnpp/8/1PP1PPP1/2NBN2R/P2B3P/1R2Q1K1 b - - 0 1,g5,g6g5
r1r3k1/1b1n1ppp/p2Bpn2/1p6/8/1BPRPP2/P1N3PP/4K2R b K - 0 1,a5,a6a5
r1bq1rk1/p3bppp/1np1p3/8/3P4/1BN2Q2/PP3PPP/R1B2RK1 b - - 0 1,Qxd4,d8d4
r1b2rk1/pp2q1pp/2p1pn2/3p4/2PP4/1P2PRP1/PQN3BP/R5K1 b - - 0 1,Bd7,c8d7
r3k2r/1bpqppb1/pn4p1/1p1pPn1p/3P1P2/2NB1N2/PPP1QBPP/2KR3R w kq - 0 1,Nb1,c3b1
r4rk1/1p3pbp/1P1pb1p1/4p3/1P2P2q/4B3/4BPPP/2RQ1RK1 w - - 0 1,Bf3,e2f3
r1b1nrk1/2q2ppp/pn1b4/1ppPp1B1/4P3/1PN2N2/P4PPP/R2QRBK1 w - - 0 1,a4,a2a4
2r1k2r/1p3p1p/4bp2/p1q1p3/2P1P3/1PQ5/4BPPP/1R1R2K1 w k - 0 1,h3,h2h3
r1bq1rk1/pppn2bp/3ppnp1/8/2P1P3/P1NB1N2/1P3PPP/R1BQ1RK1 w - - 0 1,e5,e4e5
q1r3k1/3npp1p/pp1p2p1/1P2r3/P1PNP2P/5PP1/2RQ2K1/1R6 b - - 0 1,Rec5,e5c5
4k1r1/1b1nbp1p/3qp3/rB6/P2p1p1B/R4N2/1P2QPPP/2R3K1 w - - 0 1,Qe4,e2e4
4rrk1/pp1b2bp/nq1p2p1/2pP1p2/2P2Pn1/P1NB1R2/1PQBN1PP/1R4K1 b - - 0 1,Nb4,a6b4
r1bq1rk1/1pp2pbn/n2p2p1/p2Pp3/2P1P1P1/2N1B3/PP1NBP2/R2QK2R b KQ - 0 1,Bf6,g7f6
r4rk1/3bppbp/1q4p1/np1pP3/3P4/1P2BN2/4BPPP/R2Q1RK1 w - - 0 1,Ne1,f3e1
rn1q1rk1/pbppbppp/1p2pn2/8/2PP1B2/4PN2/PP1NBPPP/R2Q1RK1 b - - 0 1,Nh5,f6h5
r1b2rk1/1p1nqpbp/p2p4/2pP2pn/P3P3/2NB1N1P/1P3PPB/R2Q1RK1 w - - 0 1,e5,e4e5
r2qkbnr/pppnpp1p/3p2p1/8/2PP2b1/2N2N2/PP2PPPP/R1BQKB1R w KQkq - 0 1,Ng5,f3g5
r2q1rk1/pppnppbp/2n3p1/P7/3PP3/1QN1BP2/1P3P1P/R3KB1R w KQ - 0 1,e5,e4e5
3r4/p2q1kp1/Bp1nbp2/3p3p/1Q1P1B1P/PP6/5PP1/2R3K1 b - - 0 1,Qe7,d7e7
r3qbk1/1b3ppp/p1p2n2/n2P4/P1Pp4/3B1N1P/3N1PP1/R1BQ2K1 w - - 0 1,Nb3,d2b3
1k1b2rr/3b1p2/p2ppp2/1pq2P2/4PN1p/3B1Q2/PPP3PP/1K1RR3 w - - 0 1,c3,c2c3
r5kr/1bqn1p1p/p3p1pQ/2p1P3/N1Pp4/1P1B4/P4PPP/R3R1K1 w - - 0 1,Be4,d3e4
3rr1k1/1p1nqp1p/p2b2p1/2p1p3/1P2P3/PQBP1NP1/5P1P/3RR1K1 w - - 0 1,b5,b4b5
rn1r2k1/pp2bppp/2p1bn2/8/2PP4/2NB1N2/PP1B2PP/4RRK1 w - - 0 1,Ne2,c3e2
r1bq1rk1/p3npp1/2p1pb1p/8/N2P4/5N2/PP1B1PPP/R2QR1K1 w - - 0 1,Bb4,d2b4
rn3rk1/ppq2ppp/4b3/nBP1p3/1Q2P3/P1P1BP2/4N1PP/R4RK1 w - - 0 1,Nd4,e2d4
r2qk1nr/pp1bppbp/3p2p1/n1p5/2B1PP2/2NP1N2/PPP3PP/R1BQ1RK1 b kq - 0 1,Nxc4,a5c4
r2q1r2/1pp3kp/p1np2p1/2n1ppb1/4P3/2PPBQ1P/PPB1NPP1/R3R1K1 w - - 0 1,Bxc5,e3c5
3rr1k1/pp1bbppp/1q2pn2/8/3N1B2/1BP2Q2/PP3PPP/R3R1K1 w - - 0 1,Be5,f4e5
3r1rk1/pp4pp/2n1pq2/2np3b/5P2/P1NB1NP1/1PPQ3P/4RRK1 w - - 0 1,Ne5,f3e5
r4rk1/p3pp1p/1np1b1p1/4Q3/N1P3P1/qP3P2/P6P/1K1R1B1R w - - 0 1,Qc5,e5c5
1rb1r1k1/1p1nqp1p/p2b1np1/4p3/1P1N4/P1N1P2P/1BQRBPP1/R5K1 w - - 0 1,Ndb5,d4b5
1rb2rk1/2q1bppp/p1p1pn2/6B1/2NP4/2P2B2/P4PPP/R2QK2R w KQ - 0 1,Bh4,g5h4
1q1rr1k1/1p2ppbp/p1np2p1/2n5/2PNP3/4BP2/PP1QB1PP/2RR2K1 b - - 0 1,Nxd4,c6d4
r1q1rbk1/2p2ppp/p4Bb1/2p3Q1/N1P5/1P3P2/P5PP/R3R1K1 w - - 0 1,Be7,f6e7
5rk1/1pr1nppp/pq1Np3/3pP3/1P3P2/P2Q1R2/2P3PP/3R3K b - - 0 1,Qc6,b6c6
2rq1rk1/pp1nbppp/2p1p1b1/P2pPn2/2PP4/1N3N2/1P1BBPPP/R2Q1RK1 b - - 0 1,dxc4,d5c4
1rb3k1/2q3b1/p1npB1p1/8/5P1B/7Q/PP4PP/5R1K b - - 0 1,Bxe6,c8e6
1r5r/p3npk1/2bq2p1/2pp4/3n1PP1/PpNP2B1/1P1Q2B1/4RRK1 b - - 0 1,Rbe8,b8e8
rn3rk1/p2pqpb1/bpp1p3/4N2p/2PP2pP/1QN3P1/PP2PPB1/R2R2K1 w - - 0 1,e3,e2e3
2rq1rk1/3pbppp/p3p3/1p1bP3/3P4/4Q3/PP1B1PPP/R3NRK1 b - - 0 1,d6,d7d6
r1b1kb1r/3p1ppp/p3p3/1p6/2q1PP2/2N1B3/PPPQ2PP/1K1R3R w kq - 0 1,Bd4,e3d4
r4rk1/1pq1npbp/4p1p1/1BPpn3/1P3B2/5N1P/2P2PP1/1R1Q1RK1 w - - 0 1,Kh1,g1h1
rn3rk1/ppqbbppp/4pn2/8/1PN5/NQ2P1P1/P2B1PBP/R3K2R w KQ - 0 1,b5,b4b5
1rb1k2r/1pqnb1pp/p2ppp2/8/P2QP3/2N1BN1P/1PP2PP1/R2R2K1 w k - 0 1,Qa7,d4a7
r3k1r1/pb6/1p1Bq2p/P1p1Pp2/6P1/6Q1/2P3PP/1R2R1K1 w q - 0 1,h3,h2h3
5r1k/1p2b1pp/p2p4/4p2q/4Pr2/P2R1PR1/NPP1Q2P/1K6 w - - 0 1,Qg2,e2g2
5br1/5q1k/rpp2pp1/p1p1p2n/P1P1P1RP/3P1N2/2PB1PQK/1R6 w - - 0 1,Ng1,f3g1
2r1kbr1/5p2/p3p2p/1pP1P2n/2p1NB1P/5P2/PP3P2/3RK2R b K - 0 1,f5,f7f5
2r1r1k1/1p2bppp/p2pb3/6P1/2q1PQ2/1NN5/PPP4P/1K1R2R1 w - - 0 1,h4,h2h4
2bq1rk1/4bppp/1Pp2n2/2Pp4/1p6/1N3PP1/2Q2P1P/B3KB1R w K - 0 1,h4,h2h4
3r1r1k/5ppp/p1Bp1n2/3P4/3Q4/6RP/1Pq2PP1/4R1K1 w - - 0 1,b4,b2b4
2r3k1/p2n1pbp/qp2p1p1/4P1BP/3P1Q2/5N2/P2R1PP1/2rR2K1 w - - 0 1,Be7,g5e7
4q1k1/pb1n1ppp/1ppb1n2/6N1/2PP4/2N3P1/PBQ2P1P/5BK1 w - - 0 1,c5,c4c5
r4rk1/pp3ppp/4pn2/2bqN1B1/8/8/PPP1QPPP/R4RK1 w - - 0 1,Rfe1,f1e1
6r1/1pp2r2/2k1p1pb/p1p1Pn1p/P1P2P2/NP1R2PP/6K1/2BR4 w - - 0 1,h4,h3h4
4r1k1/pp2rb1p/2p3p1/5pR1/1P1P1N1P/4PP2/1P3K2/4R3 w - - 0 1,Nd3,f4d3
2r1k1r1/3pb3/p1q1pp2/7p/PpP1NPn1/1P3Q2/1B4PP/R4R1K w - - 0 1,f5,f4f5
r1bqnrk1/p3p1bp/1pp2ppB/2p5/4P3/2NP1N1P/PPPQ1PP1/R3K2R w KQ - 0 1,e5,e4e5
2r5/1p2p1k1/3pP3/2bP2p1/2R2pPp/1B3P2/P6P/7K b - - 0 1,h3,h4h3
5k1r/7p/1p1r1pp1/p1nP4/4P3/4RP2/B5PP/1R4K1 b - - 0 1,g5,g6g5
5rk1/p1pB2np/2Pp2pB/1p1Pp1Q1/4P2P/8/1q4N1/6K1 w - - 0 1,Bf5,d7f5
8/p3nk2/1p2Np2/4nPpp/2q1P3/P5PP/b2Q1BBK/8 b - - 0 1,Bb3,a2b3
5rk1/p1Q5/1p3Pq1/2pr3p/P2Bp2P/R7/1P4PK/8 b - - 0 1,e3,e4e3
rn4k1/4qppp/p1pNp3/2P5/Pr1P4/5Q1P/5PP1/R2R2K1 w - - 0 1,a5,a4a5
2r2rk1/pb1qbppp/np2p3/3p4/1P1P4/P1N3P1/3BPPBP/R2Q1RK1 b - - 0 1,Nc7,a6c7
r4rk1/pp1bnpb1/1q2p2p/3p2pB/2pPP3/2P3P1/PPQN1PPN/R4RK1 w - - 0 1,e5,e4e5
3nr1k1/2qbbppp/5n2/1pp1p3/4P3/1BPPNN2/3B1PPP/Q3R1K1 w - - 0 1,c4,c3c4
r2q1rk1/2pnbppp/p2p4/3P4/Pp6/1B6/1PP2PPP/R1BQR1K1 w - - 0 1,a5,a4a5
r1r3k1/p4pp1/6b1/4P2p/5B2/P2p1PP1/1P3RP1/R5K1 w - - 0 1,Bd2,f4d2
2rq1rk1/1b2bpp1/2p1pn1p/pp6/3PN3/P2BP3/1PQB1PPP/R4RK1 b - - 0 1,c5,c6c5
1r3rk1/q2n1nbp/b1pp1pp1/p3p3/N1PPP3/5NB1/P1Q1BPPP/3RR1K1 w - - 0 1,c5,c4c5
rn2k1nr/pp2ppbp/2pp2p1/8/N1PPP3/q7/P2B1PPP/R2QKB1R w KQkq - 0 1,h4,h2h4
r2q1rk1/p2n1ppp/1p2p3/3b4/3P4/P1BB3Q/1P3PPP/R3K2R b KQ - 0 1,f5,f7f5
2r1k2r/pb3pp1/1q1bp2p/2n3P1/1p1Q3P/4PN2/PP1BBP2/R3K1R1 b Qk - 0 1,Bxf3,b7f3
2r1k2r/1q1nbpp1/p3p2p/1p1b4/3N1B1P/3B1P2/PPPQR1P1/1K1R4 b k - 0 1,Nc5,d7c5
r2qkb1r/1p3ppp/pn1pbn2/N3p3/4P1P1/2N1BP2/PPP4P/R2QKB1R b KQkq - 0 1,d5,d6d5
5rk1/1p4pp/pB1p3q/b2P4/N1P5/3Q2Pb/PP5P/3R2K1 b - - 0 1,Bxb6+,a5b6
r2qr1k1/ppb2ppp/2p1pnb1/8/4P1P1/BPP2B1P/P2NQP2/3R1RK1 b - - 0 1,Nd5,f6d5
2r2rk1/pp3ppp/1b2q3/2ppPN2/3P4/2P2Q2/P4PPP/R4RK1 w - - 0 1,c4,c3c4
2r2rk1/1p1bbppp/p2ppn2/5P2/P2BP3/1BN5/1PP3PP/3R1R1K b - - 0 1,e5,e6e5
5rk1/pppq3p/2npbrp1/4pp2/2PPP3/6P1/PP1QNPBP/2R2RK1 b - - 0 1,f4,f5f4
r1r2bk1/1q1n1pp1/2n1p2p/3pP2N/1p1P3P/1P3N2/2RB1PP1/2RQ2K1 w - - 0 1,g4,g2g4
2rqr1k1/p4pp1/1pp1bn1p/3pB3/2PP1P2/3P2PP/P5B1/2RQ1RK1 b - - 0 1,dxc4,d5c4
4qr2/5knQ/2p1pp2/ppP5/8/PP3N2/5PK1/7R w - - 0 1,Nd2,f3d2
1r2r1k1/1bq2pbp/2pp2p1/p1n5/2PB4/P3P1P1/2QN1PBP/2R1R1K1 w - - 0 1,Bxc5,d4c5
r1b1r1k1/pp1n1pbp/2pp1np1/3Pp3/2P1P3/1PN2NP1/P4PBP/R1BR2K1 b - - 0 1,Nc5,d7c5
r1b1r1k1/1pq3bp/n1pp1np1/p3pp2/2PPP3/PP3NP1/1BQN1PBP/R4RK1 w - - 0 1,c5,c4c5
2rq1rk1/pbp2ppp/1p1b4/3p4/3Pn3/P3P1P1/1PQBNPBP/2RR2K1 w - - 0 1,Bb4,d2b4
6k1/r4p1p/2Bp1bp1/2nPp3/2P5/r4P1P/2Q3P1/1R5K b - - 0 1,e4,e5e4
r1br4/ppk2pp1/3bp2p/8/5PP1/3R2B1/PPP3B1/2KR4 b - - 0 1,f5,f7f5
3qr1k1/p4pb1/r5p1/1p1p3p/1PbN3P/P3P1P1/3Q1PB1/R2R2K1 b - - 0 1,g5,g6g5
r3k2r/pp2n1pp/1qn1bp2/4p3/Q3P3/B1P3P1/P2N1PBP/R4RK1 b kq - 0 1,Qa5,b6a5
2r3r1/1p2k1pp/pB2ppb1/P7/1bB1P3/1P1R1P2/4K1PP/R7 b - - 0 1,Rc6,c8c6
r3qrk1/1ppb1pbp/3p2p1/p1nPp2n/2P1P3/2N1BN1P/PPB2PP1/R2QR1K1 w - - 0 1,Bxc5,e3c5
r3k1r1/pb2qp2/1ppppn2/3Pn1p1/2P1P3/2Q3B1/PP1N1PP1/R3KB1R w KQq - 0 1,c5,c4c5
r1k3nr/pppb2bp/2n2pp1/4p3/2P1P3/2N1BNP1/PP3P1P/2KR1B1R w - - 0 1,Rxd7,d1d7
r2qk2r/pp3pp1/1nn1b2p/3pP3/2pP4/2P1BN2/P1P1B1PP/R3QRK1 b kq - 0 1,Na4,b6a4
5rk1/2pq2p1/4b3/1p6/3P1r2/5NQ1/1P4PP/R3R1K1 w - - 0 1,Ra8,a1a8
2r3k1/pp3ppp/3p1bn1/P2P4/1PP2q2/3QRN2/6PP/1B5K b - - 0 1,Kf8,g8f8
5rk1/1p1nppb1/p1rpb2p/q2N4/3BPPpP/6P1/PPP2Q2/2KR1B1R b - - 0 1,Bxd5,e6d5
r2q1rk1/1p1nbppb/4pn1p/1Pp5/p3P3/P4NP1/1BPN1PBP/R3QRK1 b - - 0 1,c4,c5c4
1k5r/3bbp1r/pqnppp2/1p6/4PP1p/1NN4R/PPP3PP/1K1RQB2 w - - 0 1,a4,a2a4
3b1rk1/1p1q1pp1/3p3p/1b1Pp3/nP2Q3/4BN1P/P4PP1/2R1R1K1 b - - 0 1,Nb2,a4b2
4r1k1/5ppp/5n2/p1pnN3/PqNP4/1P3Q2/5PPP/2R3K1 w - - 0 1,g4,g2g4
2r1rbk1/3q1p1p/p1n3p1/1pp1P3/3pN3/1P3Q1P/PP1B1PP1/3RR1K1 b - - 0 1,Be7,f8e7
2r1k2r/1bqpbpp1/p1n1p2p/8/3N1PPP/4B3/PPPQ3R/2KR1B2 w k - 0 1,Nxc6,d4c6
4rrk1/3bq1bp/3n4/1pBPpp2/1Pp2P2/2N4P/2BQ2P1/4RRK1 w - - 0 1,fxe5,f4e5
r1b1k2r/p1p2p1p/2p1q1p1/4P3/1b3P2/2B5/PPQ3PP/R3KB1R b KQkq - 0 1,Qf5,e6f5
2r2rk1/p1qbppb1/6pp/8/2pPP3/2B3P1/P1Q2PBP/2RR2K1 w - - 0 1,d5,d4d5
r1bq1rk1/pp2bppp/2p2n2/8/2PB4/5PN1/PP1Q2PP/R3KB1R b KQ - 0 1,Bb4,e7b4
r4rk1/ppq2pp1/3b1np1/2p5/8/1BP2QN1/PP3PPP/R4RK1 w - - 0 1,Bc4,b3c4
r2q1rk1/ppnnppb1/3p2pp/2pP4/4P3/2P1BN2/PP3PPP/RN1QR1K1 b - - 0 1,f5,f7f5
1qrr2k1/3b1pbp/p2ppnp1/8/2BNP3/1P2BP2/P2Q2PP/2RR2K1 b - - 0 1,d5,d6d5
6rk/p3b1qp/2p1bp1r/2p1p3/P3NpP1/1P1P1Q1P/1BP2PRK/6R1 b - - 0 1,Rh4,h6h4
r1b1r1k1/1pq1nppp/2pn4/P2p4/1Q1P4/1NRBP2P/4NPP1/1R4K1 w - - 0 1,Ng3,e2g3
r1bqkb1r/1pp2ppp/pn2p3/4P3/2BP4/2Q2N2/PP3PPP/R1B1K2R w KQkq - 0 1,Bg5,c1g5
r4b1r/p3nk1p/R1p2p2/3p4/1P3Pq1/3Q2B1/2PN3P/5RK1 b - - 0 1,h5,h7h5
2rq1rk1/pb1nbppp/1p1p1n2/4p1B1/P3P3/1BN2N2/1PP1RPPP/R2Q2K1 b - - 0 1,Rxc3,c8c3
2r3rk/5p1p/p3pPp1/1b2P1QP/1p4P1/1P2pq2/P1P5/1KR2BR1 w - - 0 1,Bg2,f1g2
br2rbk1/2q2ppp/p1npp3/2p3P1/P3PP2/1PN1BB2/2PR1Q1P/5RK1 b - - 0 1,c4,c5c4
3r4/1b2k3/p2p1npp/1p2p3/2r1P1PP/P1N1RBK1/1PPR4/8 b - - 0 1,g5,g6g5
r3k2r/ppqbbpp1/2npp3/1B4Bn/3NP2P/2N5/PPP1QP2/2KR3R b kq - 0 1,Nxd4,c6d4
r1b3k1/5n1p/2p2Bp1/1p3P2/4r3/1B4P1/6P1/1R3RK1 w - - 0 1,Ra1,b1a1
2r1k2r/1bq1bpp1/p2p4/1p2pPB1/3NP1pP/8/PPPQ2P1/1K1RR3 w k - 0 1,Bxe7,g5e7
2r2rk1/1pbq1ppp/p1n1bn2/5N2/3pPB2/Q2B2N1/PP3PPP/2R2RK1 w - - 0 1,Rxc6,c1c6
rn1q1rk1/pp3pbp/1np1p1p1/8/3PP3/2N2B1P/PP3PP1/R1BQ1RK1 w - - 0 1,e5,e4e5
r2q1rk1/ppp2pbp/1nb3p1/2n1p3/8/2NP1NP1/PP2PPBP/R1BQ1RK1 b - - 0 1,e4,e5e4
1r1qr1k1/1p3ppp/p1np1n2/2p2b2/2P1NP1b/1PNPPB1P/PB1Q3K/R5R1 w - - 0 1,Nxf6+,e4f6
r1b1kr2/pppp1p1p/8/3PN1pQ/8/4P1P1/P2R1P1P/4KB1q w q - 0 1,d6,d5d6
2r1r1k1/pp1nqpp1/4p2p/3n3P/3N4/8/PPPBQPP1/1K1R2R1 w - - 0 1,c4,c2c4
r3k2r/1bq1ppb1/p1pp2p1/1p1nP2p/3P1P1P/3NB3/PPP2QP1/1K1R1B1R b kq - 0 1,Bc8,b7c8
2rq1rk1/pp2bpp1/4nnp1/3p4/3P4/PBNQP3/1P1B2PP/4RRK1 w - - 0 1,Re2,e1e2
r7/1p1bknp1/p4p2/2Pp3r/1P1N4/1B2PP2/1B3KP1/R7 w - - 0 1,Ne2,d4e2
r1r3k1/2q1bppp/p2p1n2/4p1P1/Q7/4BP2/PPP4P/2KR1B1R b - - 0 1,Rab8,a8b8
1rb1rbk1/2q2pp1/p2p3p/n2Pp3/Pp6/1P2BN1P/2P2PP1/R2QRBK1 w - - 0 1,Nd2,f3d2
1r1qr1k1/4bppp/2npb3/pp1Np3/4P2P/P1P1N1P1/1P3P2/R2QKB1R w KQ - 0 1,a4,a3a4
1q1r1k2/5pp1/pPp1p3/3n2r1/P6p/1Q1N3P/5PP1/2R2RK1 w - - 0 1,Rc5,c1c5
r1r3k1/3nbppp/q1p1pnb1/pp1p4/2P3PN/PP1P1N1P/1BQ1PPB1/R4RK1 b - - 0 1,a4,a5a4
rn5r/p3kp2/1p2p2p/2pPb1pN/b3P3/2P2PP1/P2B3P/1R2KB1R b K - 0 1,exd5,e6d5
2rq1rk1/1b2bppp/pp2pn2/1P1p4/P2P4/1QN1P1P1/3N1PBP/2RR2K1 b - - 0 1,a5,a6a5
2r2nk1/1q3pp1/1p2pb1p/p1r5/4Q3/4PN2/PPBR1PPP/1K5R b - - 0 1,Qc7,b7c7
2rq1rk1/3n1pbp/b1pp2p1/2nPp3/p1P1P3/4BNNP/P2Q1PP1/1R1R1BK1 w - - 0 1,Ne1,f3e1
1r1bk3/1pqn1pp1/p1p1pnp1/2Pp4/N2P2P1/1Q1BPP2/PP1B3r/2KR3R w - - 0 1,g5,g4g5
r4rk1/pp1n1pbp/2p2np1/q3p3/2QP4/2N1PB1P/PP3PP1/R1BR2K1 w - - 0 1,b4,b2b4
r3r3/pp2qpk1/1n1b2pp/3Pp3/4N3/1B5P/PP2QPP1/2R1R1K1 w - - 0 1,h4,h3h4
3r2k1/1pprq1pp/p1n2pb1/2R5/1P2PP2/P5P1/1B4BP/2Q1R1K1 w - - 0 1,e5,e4e5
r3k2r/2q1ppb1/2pp2p1/p2nPb1p/1p1P1P1P/3N2P1/PPPBQ1B1/1K1R3R b kq - 0 1,Kf8,e8f8
2bq1rk1/Q2n2b1/1p4np/1Pp1ppp1/2Pp4/1N1P2PP/3NPPB1/B3K2R b K - 0 1,e4,e5e4
r3r1k1/1bqnbppp/p3p3/2ppP3/5P2/1PNB4/PBP1Q1PP/4RR1K w - - 0 1,f5,f4f5
r4rk1/pb4pp/1pn1p1q1/3pP3/3P2B1/4P1P1/PP4K1/R1BQR3 b - - 0 1,Ba6,b7a6
r4rk1/ppp2qb1/3p2pp/3Ppb1n/1nP1B3/2N1B1PP/PP1NQP2/R3K2R b KQ - 0 1,Nf4,h5f4
r1kr4/pppbbpp1/7p/2p1P3/5n2/1P3NNP/PBPR1PP1/3R2K1 w - - 0 1,e6,e5e6
2r1kb1r/1ppq2pp/p4pn1/8/2NpPB2/5Q1P/PP3PP1/2RR2K1 w k - 0 1,e5,e4e5
1r1q1rk1/1bp1ppbp/3p1np1/n2N4/1p1PP3/1P4P1/PB3PBP/2RQNRK1 b - - 0 1,Nxe4,f6e4
2r1rnk1/1b3pp1/pq3n1p/1pbp4/3N4/P1N1PB2/1PQ2PPP/2RRB1K1 b - - 0 1,Bxd4,c5d4
2brr1k1/1pq2pp1/p3pb1p/2Pn4/1P1N4/P3B1PP/2QR1PB1/3R2K1 w - - 0 1,Nf5,d4f5
r2r4/4kpp1/ppq1pb1p/2N5/2P1P3/Q7/PP2BPPP/R3K2R b KQ - 0 1,Qxc5,c6c5
1k1r3r/ppq2pp1/2pb1np1/3p4/Q2P4/3BPPP1/PP1B3P/1K1R3R w - - 0 1,Ba5,d2a5
r1b1r1k1/3nbpp1/pq2pn1p/1pp1N3/3P3B/P1N1P3/BPQ2PPP/3R1RK1 w - - 0 1,Nxd7,e5d7
2k1r3/1ppb1pp1/r1p5/p3PnBp/1b6/1PNR1NPP/P1P2P2/5RK1 b - - 0 1,Ne7,f5e7
3rr1k1/pbq3pp/1p2p3/4bp1Q/2PB4/1P5P/P1B2PP1/3R1R1K w - - 0 1,Bxe5,d4e5
r2r2k1/2q1nppp/p2p1b2/1p2p3/P3P3/2PQBN2/1P3PPP/R2R2K1 b - - 0 1,bxa4,b5a4
r4k1r/4ppb1/1qpp4/3nPp1p/p2P1P1P/1p1NB1P1/PPP1Q3/K2R3R w - - 0 1,Bf2,e3f2
1nrrb1k1/ppp1qppp/8/3p4/3P4/2QNP1P1/PP3PBP/R1R3K1 w - - 0 1,Qc5,c3c5
rnbqr1k1/pp3pbp/2pp2p1/7n/2PNP1P1/2N2P2/PP2B2P/R1BQR1K1 b - - 0 1,Be5,g7e5
rn2kb1r/1bq1pppp/p2p4/1p1P4/3N4/4B2P/PPP2PP1/R2QKB1R w KQkq - 0 1,a4,a2a4
r4r1k/1pnqp1bp/2ppbnp1/5p2/1PPP4/3N2P1/1BQNPPBP/R4RK1 w - - 0 1,Nb3,d2b3
1r3k2/5pp1/2qp3r/1p2b2p/7P/3BR3/PP2QPP1/4RK2 w - - 0 1,Re4,e3e4
r2q1rk1/1b1nbppp/pp1ppn2/8/P1PNP3/2N1BP2/1P2B1PP/R2Q1RK1 w - - 0 1,a5,a4a5
r1bq1rk1/ppp3bp/3p1np1/3PpnB1/2P1N3/5P2/PP1QN1PP/2KR1B1R b - - 0 1,Nxe4,f6e4
r4rk1/4bppp/pqP5/1b1p4/1p2P3/1B3P2/PP3RPP/R1B1Q1K1 w - - 0 1,Bxd5,b3d5
1r1r2k1/2qnbppp/2bp1n2/pp2p3/1P2P3/P1N1BP2/N1P1BQPP/R2R3K b - - 0 1,a4,a5a4
1r3bk1/r2q1pp1/2np3p/1p2p3/4P3/2PQNN1P/1P3PP1/R2R2K1 w - - 0 1,b4,b2b4
r1b1k2r/5pp1/pq1ppb1p/1pN5/2B1PP2/2N5/PPPQ2PP/1K1RR3 b kq - 0 1,dxc5,d6c5
r3k2r/3b1pb1/pqnpp2p/8/5PP1/1Pp2N1P/P1P1Q1B1/R1B1K2R b KQkq - 0 1,Nb4,c6b4
r4b1n/1p1n1kp1/q1p1p3/p2pPp2/P2P1P2/1N1NB1P1/1PP1Q3/R5K1 b - - 0 1,Ng6,h8g6
r1bq1rk1/p2nbppp/1p1p1n2/2pPp3/P1B1P3/2N2N2/1PP2PPP/R1BQR1K1 w - - 0 1,a5,a4a5
2r1r3/1p3kpp/pBb1p3/5p2/2P1n3/8/PP2BPPP/R1R3K1 w - - 0 1,a4,a2a4
r4r1k/3qb1pp/p1nppn2/2p5/P3P3/2PQ1NN1/5PPP/R1B1R1K1 w - - 0 1,h3,h2h3
2b3k1/1pp4p/r2p1qp1/p2Pp3/4Pr2/3R1P2/PPP3QP/2K3NR b - - 0 1,Bg4,c8g4
rn2k1nr/pp2ppbp/2pp2p1/q7/2PP2bB/2N1PN2/PP3PPP/R2QKB1R b KQkq - 0 1,Nh6,g8h6
r2qr1k1/pppb1pbp/3p1np1/4n3/2PN4/1PN1PB1P/PB3PP1/R2Q1RK1 b - - 0 1,c5,c7c5
r2qr1k1/1b3pbp/pp3np1/3p4/P7/2NBPQ1P/1P3PP1/R2RB1K1 b - - 0 1,Qb8,d8b8
r2qr1k1/2pn1pbp/b3p1p1/p1PpPn2/1p1P1P2/4B1P1/PP1QNNBP/2RR3K w - - 0 1,Ng1,e2g1
1q3rk1/5ppp/3P4/Q7/1p6/6P1/b4PBP/2R3K1 b - - 0 1,Be6,a2e6
3r4/pR1r1ppk/2pBpn1p/P1P4P/3q4/5QP1/5PK1/1R6 w - - 0 1,Be7,d6e7
r4rk1/p3qnbp/1pp1b1p1/4p3/1P2Pp2/3P1N1P/1QPB1PP1/RN3RK1 b - - 0 1,Ng5,f7g5
r3k2r/5ppp/p1pq1n2/1p2p3/1PPbP3/3B4/P2BQPPP/2R2RK1 w kq - 0 1,Bc2,d3c2
6k1/pp2q2p/2p3p1/3r1b2/4p3/2B1P1b1/PPQ2PPP/3R2K1 w - - 0 1,fxg3,f2g3
r1b2rk1/pp1n1pbp/1q4p1/3p4/3P4/1N1B1N2/PPQ2PPP/R4RK1 b - - 0 1,Nb8,d7b8
6r1/1p1nkprp/p1npp3/8/1PP1PP2/P1N2K2/3R3P/1B1R4 b - - 0 1,Nde5+,d7e5
2bq1r1k/1p3pbp/r7/p1Ppp1P1/8/1NP3Q1/PP1B2PP/4RRK1 w - - 0 1,Rxe5,e1e5
5r2/ppr1q1kp/3p1p2/4pPpn/2PpP3/1P1P1NP1/P2Q3P/2R2RK1 w - - 0 1,Ne1,f3e1
5k1r/R4p1p/1p1r1np1/2p5/3n4/2N2BP1/PP3PKP/3R4 w - - 0 1,Be2,f3e2
r1b2rk1/1p2bppp/p2ppn2/q7/3QPP2/2N1B3/PPP1B1PP/2KR3R w - - 0 1,Qb6,d4b6
r1q1r1k1/1b1n1pbp/p1p1n1p1/BpP1p3/P3P3/1N1N2PP/1PQ2PB1/R2R2K1 w - - 0 1,h4,h3h4
r3r1k1/1p2pp1p/3p2p1/p1nPbq1P/2P5/1P2BB2/P3QPP1/1R1R2K1 w - - 0 1,g4,g2g4
r3k2r/pbp2ppp/1pn1pn2/7q/1b1P4/2NQ1NP1/PP1BPPBP/R3K2R b KQkq - 0 1,a6,a7a6
r2br1k1/1pq2pp1/p4n1p/2n1pP2/7B/2N2BQ1/PPP3PP/2KRR3 w - - 0 1,Rxd8,d1d8
1k1r1b1r/ppq2pp1/4pn1p/2p4P/Q2P4/5N2/PPPB1PP1/1K1R3R b - - 0 1,c4,c5c4
2b2rk1/2q2ppp/p2bp3/1r1n4/Np1B1Pn1/1N4P1/PPPQ2BP/1K1R3R w - - 0 1,c4,c2c4
1rbq1rk1/1p4b1/p2p2pp/2pP1n2/2P1RB1P/5NP1/PP4B1/4QRK1 w - c6 0 1,g4,g3g4
1r3k2/q4pb1/p1rpb2p/2pN2p1/1PB5/P2QP1P1/5PP1/2RR2K1 w - - 0 1,a4,a3a4
r1bqr3/pp3pk1/3p1np1/2pPn3/4P1P1/2N2P1p/PP1QB2P/R3KN1R b KQ - 0 1,b5,b7b5
2rr1b2/1pp2k1p/p3nppn/4p3/1PP1P3/2B2NPP/P4PB1/R2R2K1 b - - 0 1,c5,c7c5
r4rk1/1pqn1pbp/1npp2p1/p2Pp3/P3PP2/2N1BB2/1PP1Q1PP/R2R3K w - - 0 1,f5,f4f5
8/3r1pk1/r1q1pbp1/2p4p/2N5/P3P2P/2Q2PP1/1RR3K1 w - - 0 1,a4,a3a4
3q1rk1/3R2pp/1r2pp2/2b5/Q3PP2/5N2/5P1P/4R1K1 b - - 0 1,Qb8,d8b8
rn1rn1k1/pb2bp2/3pp2p/2p3p1/2P1P3/1PN1BNP1/1P1R1PBP/3R2K1 b - - 0 1,Nc6,b8c6
r3r1k1/1p1b1ppp/pq1p4/2pPnP1n/P6B/2N4P/1PB2QP1/R4RK1 w - - 0 1,Ne4,c3e4
6k1/3r4/1pbq2Pp/p2n1Q2/P1B5/2P3P1/1P4P1/3R2K1 w - - 0 1,Re1,d1e1
2r2rk1/1b2bppp/1q6/p3p3/Pp2P3/1N1P2PP/1P3PB1/1QRR2K1 b - - 0 1,Bc6,b7c6
1q4k1/3n1pp1/2br3p/1p2p3/1P2P3/3BQP1P/4N1PK/R7 w - - 0 1,Ra5,a1a5
5rk1/ppp2qp1/4p3/3p4/3P4/PP4Pp/1P2QPnP/3N1R1K b - - 0 1,e5,e6e5
4rrk1/3bq2p/3n4/1pBPbp2/1Pp5/2N4P/2BQ2P1/4RRK1 w - - 0 1,Rxe5,e1e5
2r3rk/5p1p/p3pPp1/1b2P1QP/1p4P1/1P2p3/P1P2qB1/1KR3R1 w - - 0 1,Be4,g2e4
2r1k2r/1b2qpp1/p2p4/1p2pP2/3NP1pP/8/PPPQ2P1/1K1RR3 w k - 0 1,f6,f5f6
1r1qr1k1/1p3ppp/p1np2b1/2pN4/2P2P2/1P1PPB1P/PQ5K/R5R1 w - - 0 1,Be4,f3e4
3rr1k1/pb4pp/1p2p3/4qp1Q/2P5/1P5P/P1B2PP1/3R1R1K w - - 0 1,Rd7,d1d7
r5k1/4nppp/2qp1b2/1p2p3/4P3/2PQBN2/1P3PPP/3R2K1 w - - 0 1,Ne1,f3e1
